/*
SQLyog Community v13.1.5  (64 bit)
MySQL - 10.4.11-MariaDB : Database - eapi
*********************************************************************
*/

/*!40101 SET NAMES utf8 */;

/*!40101 SET SQL_MODE=''*/;

/*!40014 SET @OLD_UNIQUE_CHECKS=@@UNIQUE_CHECKS, UNIQUE_CHECKS=0 */;
/*!40014 SET @OLD_FOREIGN_KEY_CHECKS=@@FOREIGN_KEY_CHECKS, FOREIGN_KEY_CHECKS=0 */;
/*!40101 SET @OLD_SQL_MODE=@@SQL_MODE, SQL_MODE='NO_AUTO_VALUE_ON_ZERO' */;
/*!40111 SET @OLD_SQL_NOTES=@@SQL_NOTES, SQL_NOTES=0 */;
CREATE DATABASE /*!32312 IF NOT EXISTS*/`eapi` /*!40100 DEFAULT CHARACTER SET utf8mb4 */;

USE `eapi`;

/*Table structure for table `failed_jobs` */

DROP TABLE IF EXISTS `failed_jobs`;

CREATE TABLE `failed_jobs` (
  `id` bigint(20) unsigned NOT NULL AUTO_INCREMENT,
  `uuid` varchar(255) COLLATE utf8mb4_unicode_ci NOT NULL,
  `connection` text COLLATE utf8mb4_unicode_ci NOT NULL,
  `queue` text COLLATE utf8mb4_unicode_ci NOT NULL,
  `payload` longtext COLLATE utf8mb4_unicode_ci NOT NULL,
  `exception` longtext COLLATE utf8mb4_unicode_ci NOT NULL,
  `failed_at` timestamp NOT NULL DEFAULT current_timestamp(),
  PRIMARY KEY (`id`),
  UNIQUE KEY `failed_jobs_uuid_unique` (`uuid`)
) ENGINE=InnoDB DEFAULT CHARSET=utf8mb4 COLLATE=utf8mb4_unicode_ci;

/*Data for the table `failed_jobs` */

/*Table structure for table `migrations` */

DROP TABLE IF EXISTS `migrations`;

CREATE TABLE `migrations` (
  `id` int(10) unsigned NOT NULL AUTO_INCREMENT,
  `migration` varchar(255) COLLATE utf8mb4_unicode_ci NOT NULL,
  `batch` int(11) NOT NULL,
  PRIMARY KEY (`id`)
) ENGINE=InnoDB AUTO_INCREMENT=6 DEFAULT CHARSET=utf8mb4 COLLATE=utf8mb4_unicode_ci;

/*Data for the table `migrations` */

insert  into `migrations`(`id`,`migration`,`batch`) values 
(1,'2014_10_12_000000_create_users_table',1),
(2,'2014_10_12_100000_create_password_resets_table',1),
(3,'2019_08_19_000000_create_failed_jobs_table',1),
(4,'2020_12_21_025538_create_products_table',1),
(5,'2020_12_21_034153_create_reviews_table',1);

/*Table structure for table `password_resets` */

DROP TABLE IF EXISTS `password_resets`;

CREATE TABLE `password_resets` (
  `email` varchar(255) COLLATE utf8mb4_unicode_ci NOT NULL,
  `token` varchar(255) COLLATE utf8mb4_unicode_ci NOT NULL,
  `created_at` timestamp NULL DEFAULT NULL,
  KEY `password_resets_email_index` (`email`)
) ENGINE=InnoDB DEFAULT CHARSET=utf8mb4 COLLATE=utf8mb4_unicode_ci;

/*Data for the table `password_resets` */

/*Table structure for table `products` */

DROP TABLE IF EXISTS `products`;

CREATE TABLE `products` (
  `id` int(10) unsigned NOT NULL AUTO_INCREMENT,
  `name` varchar(255) COLLATE utf8mb4_unicode_ci NOT NULL,
  `detail` text COLLATE utf8mb4_unicode_ci NOT NULL,
  `price` int(11) NOT NULL,
  `stock` int(11) NOT NULL,
  `discount` int(11) NOT NULL,
  `created_at` timestamp NULL DEFAULT NULL,
  `updated_at` timestamp NULL DEFAULT NULL,
  PRIMARY KEY (`id`)
) ENGINE=InnoDB AUTO_INCREMENT=51 DEFAULT CHARSET=utf8mb4 COLLATE=utf8mb4_unicode_ci;

/*Data for the table `products` */

insert  into `products`(`id`,`name`,`detail`,`price`,`stock`,`discount`,`created_at`,`updated_at`) values 
(1,'facere','Rerum totam illum dignissimos explicabo et ab quidem. Ratione alias voluptas libero veritatis consequatur necessitatibus. Culpa architecto vel qui nobis ipsam dicta dolor necessitatibus.',127,4,12,'2020-12-21 07:34:25','2020-12-21 07:34:25'),
(2,'praesentium','Non expedita numquam aut voluptas. Cum nisi voluptatem voluptatem. Aut quis culpa soluta accusantium minus ut.',797,0,32,'2020-12-21 07:34:25','2020-12-21 07:34:25'),
(3,'omnis','Cum expedita dolorem asperiores beatae ut quibusdam. Modi rem placeat reiciendis assumenda numquam. Id dolorem rerum sit consequatur sed harum.',285,9,38,'2020-12-21 07:34:25','2020-12-21 07:34:25'),
(4,'ut','Accusantium ipsum nisi ipsum. Sequi dolorum minima laboriosam voluptatem quam. Et et illum cupiditate iste qui.',939,6,11,'2020-12-21 07:34:25','2020-12-21 07:34:25'),
(5,'earum','Molestias voluptas ratione fuga qui voluptatem. Rerum nisi nemo sit corrupti placeat rerum aliquid. Atque reprehenderit quisquam quibusdam in impedit rerum.',823,0,30,'2020-12-21 07:34:25','2020-12-21 07:34:25'),
(6,'et','Sunt et corporis facere adipisci assumenda. Natus nihil reiciendis quam aliquam qui qui iure. Aut corrupti aspernatur qui ipsum sequi. Et iure quia dolores impedit incidunt occaecati ab.',333,3,26,'2020-12-21 07:34:25','2020-12-21 07:34:25'),
(7,'neque','Quas id id autem qui. Et pariatur fugiat aut sit voluptatum fugit voluptates. Culpa ducimus reiciendis ullam aut. Aliquid aut quia eum reiciendis.',787,3,26,'2020-12-21 07:34:25','2020-12-21 07:34:25'),
(8,'ut','Magnam ut impedit quod provident aut voluptatibus. Ut rem enim ad sed. Voluptatibus sapiente debitis minus et voluptas.',259,6,25,'2020-12-21 07:34:25','2020-12-21 07:34:25'),
(9,'consequatur','Possimus distinctio autem eligendi autem. In temporibus est repellat quod. Laborum consectetur recusandae numquam et. Fuga suscipit labore quo ratione est deserunt blanditiis.',225,6,11,'2020-12-21 07:34:25','2020-12-21 07:34:25'),
(10,'quisquam','Sed perferendis provident eum aperiam officia quia voluptatibus. Rerum omnis exercitationem possimus. Est cum non quisquam error ipsam.',352,9,9,'2020-12-21 07:34:25','2020-12-21 07:34:25'),
(11,'sint','Qui id minus magnam natus. Et quasi temporibus non. Magni in dolor qui corrupti exercitationem qui earum. Dolores quia non et aut sit ratione quia.',408,8,16,'2020-12-21 07:34:25','2020-12-21 07:34:25'),
(12,'provident','Et accusamus eum distinctio id eius corrupti vitae. Aliquam sapiente est molestias consequatur eos officiis. Maiores beatae fugiat minus et ratione esse. Nobis aliquid eveniet rem reprehenderit.',391,6,10,'2020-12-21 07:34:25','2020-12-21 07:34:25'),
(13,'et','Adipisci commodi facilis exercitationem consequatur dignissimos. Consequatur corporis consequuntur vel facere in earum ex et. Non sit modi odit sed aperiam sint vero tempora.',178,1,38,'2020-12-21 07:34:25','2020-12-21 07:34:25'),
(14,'dolore','Magnam qui non quos. Voluptatem qui velit et dicta illum alias sit voluptatem. Est in officia et vel sapiente. Consequatur similique quos ut repellat earum saepe.',136,0,20,'2020-12-21 07:34:25','2020-12-21 07:34:25'),
(15,'natus','Qui non qui tenetur porro iste. Officia iure labore blanditiis velit sint necessitatibus aut. Quia sint assumenda natus error ut. Deserunt sed voluptate qui natus ex maiores veritatis.',707,6,13,'2020-12-21 07:34:25','2020-12-21 07:34:25'),
(16,'quia','Laudantium dolorum omnis minus. Commodi eos alias quia. Vero ad iure omnis quis culpa animi laboriosam quasi. Laudantium quidem magnam nobis est.',926,7,3,'2020-12-21 07:34:25','2020-12-21 07:34:25'),
(17,'nobis','Voluptatem maxime iure delectus quia. Sit laborum et quaerat temporibus omnis officia amet. Est ut omnis nulla ut voluptate dolorem sequi.',633,9,4,'2020-12-21 07:34:25','2020-12-21 07:34:25'),
(18,'ducimus','Vel vero reiciendis nihil vero. Vel debitis modi molestiae veritatis est. Architecto et ut dolores odio repudiandae cupiditate autem veniam. Est quia nihil optio et sint.',129,1,35,'2020-12-21 07:34:25','2020-12-21 07:34:25'),
(19,'eaque','Ut voluptatem fugit rem atque eius impedit. Est consequuntur nihil officiis aut occaecati. Modi recusandae dolorem et officiis ullam.',982,9,16,'2020-12-21 07:34:25','2020-12-21 07:34:25'),
(20,'ipsa','Adipisci deserunt consectetur sunt aspernatur quam ad corrupti. Ipsum et est velit adipisci nihil ex accusantium. Impedit amet ut sit fuga recusandae at.',584,6,7,'2020-12-21 07:34:25','2020-12-21 07:34:25'),
(21,'sit','Ea similique ipsum adipisci earum. Eos est aperiam qui mollitia sequi quam. Et provident officiis doloremque aut.',525,8,18,'2020-12-21 07:34:25','2020-12-21 07:34:25'),
(22,'recusandae','A eum fugit suscipit iure facere magni ab. Voluptates vero ut eveniet et fuga sit. Aut ad quidem non vitae possimus nulla. Perspiciatis asperiores doloremque quasi tenetur quia harum odit.',215,6,35,'2020-12-21 07:34:25','2020-12-21 07:34:25'),
(23,'alias','Eaque velit qui odit. Provident eum qui libero. Est et rerum aut dolores ut.',406,8,9,'2020-12-21 07:34:25','2020-12-21 07:34:25'),
(24,'expedita','Molestiae veritatis et perspiciatis nisi perferendis minima tenetur. Maxime id tempora sunt mollitia unde. Et qui quas vel quia nostrum.',534,8,3,'2020-12-21 07:34:25','2020-12-21 07:34:25'),
(25,'commodi','Suscipit maxime quisquam beatae qui. Enim maiores libero dolor possimus labore. Similique laboriosam eius nemo reiciendis officia voluptas quisquam.',656,0,23,'2020-12-21 07:34:25','2020-12-21 07:34:25'),
(26,'quos','Ex ut omnis nostrum id nisi aut molestias. Exercitationem at odit velit. Aspernatur et fuga nemo deleniti quibusdam. Harum vel quo consectetur voluptates ducimus ad est.',313,4,8,'2020-12-21 07:34:25','2020-12-21 07:34:25'),
(27,'dolores','Assumenda autem porro eveniet molestias omnis. Odio ex et magnam porro placeat. Vero quia velit velit necessitatibus.',641,2,25,'2020-12-21 07:34:25','2020-12-21 07:34:25'),
(28,'quia','Minima sit saepe aliquam nam. Unde in eaque debitis aut necessitatibus corrupti. Quis recusandae voluptatem omnis. Voluptatem voluptatem vitae non aperiam aut. Est praesentium soluta voluptatibus nemo.',659,6,6,'2020-12-21 07:34:25','2020-12-21 07:34:25'),
(29,'omnis','Quia sapiente aut voluptate sed. Et architecto nihil voluptatum dolor architecto ipsum. Illum culpa ea minus ut quas aut suscipit. Totam qui quis magni omnis.',206,0,40,'2020-12-21 07:34:25','2020-12-21 07:34:25'),
(30,'architecto','Inventore aspernatur id quasi voluptatum voluptatem ipsa voluptas ipsum. Quo vero nobis dolore et vel quasi.',414,7,27,'2020-12-21 07:34:25','2020-12-21 07:34:25'),
(31,'illo','Voluptas ipsam expedita fugiat perspiciatis. Sit officiis quo ab nihil sunt. Sit maxime nam quas. Ipsa qui itaque aut quia.',268,3,11,'2020-12-21 07:34:25','2020-12-21 07:34:25'),
(32,'voluptatem','Corporis facilis vitae aliquam odit illum illo in. Temporibus inventore dignissimos id praesentium vel. Odit nam autem molestiae consequatur ratione omnis aut. Ullam porro sed ducimus. Error consectetur nesciunt quia ipsum.',873,5,10,'2020-12-21 07:34:25','2020-12-21 07:34:25'),
(33,'dolorum','Repellat itaque possimus et voluptas nihil. Quia magni debitis consequatur itaque deserunt ea. Laboriosam et ipsam quasi ex. Enim quo sint dolorem culpa enim. Repellendus blanditiis asperiores blanditiis vero accusantium quis.',407,5,32,'2020-12-21 07:34:25','2020-12-21 07:34:25'),
(34,'sint','Dolor qui adipisci cumque eum quia nam. Reprehenderit voluptatum occaecati a autem aut ad deserunt. Omnis dolores aliquid quo laboriosam vitae.',721,6,17,'2020-12-21 07:34:25','2020-12-21 07:34:25'),
(35,'rerum','Sit est quisquam earum in. Voluptatem sequi sint aspernatur soluta voluptatem. Enim nam consequatur et et. Et vel qui aliquid cupiditate consequatur sint.',859,0,12,'2020-12-21 07:34:26','2020-12-21 07:34:26'),
(36,'cumque','Ut veniam quis fugit quia aut et. Ut facere iure est omnis error ut in.',201,3,22,'2020-12-21 07:34:26','2020-12-21 07:34:26'),
(37,'labore','Dicta quia occaecati et quasi sint nesciunt perspiciatis itaque. Perferendis quis nihil adipisci modi quia velit ut ut. Exercitationem rerum cupiditate molestiae non. Ducimus voluptate consectetur vel fugit atque ea maiores id. Excepturi id molestias consequatur aliquam.',672,1,24,'2020-12-21 07:34:26','2020-12-21 07:34:26'),
(38,'odit','Molestias sint quia quia iusto. Libero rerum quasi ut qui. Sunt possimus eos veritatis ratione magnam consequatur itaque itaque.',765,4,5,'2020-12-21 07:34:26','2020-12-21 07:34:26'),
(39,'excepturi','Nulla iste molestiae ut consequatur corrupti reiciendis corporis. Quae quo asperiores omnis provident. Autem error magnam minus error qui ipsa. Non sit earum voluptates corporis hic.',245,9,9,'2020-12-21 07:34:26','2020-12-21 07:34:26'),
(40,'atque','Temporibus corporis dolorum asperiores eos corrupti est. Incidunt sed in et dicta ut. Corporis inventore suscipit sit nesciunt. Aut dolor voluptate aut dolor repellat. Debitis aut id asperiores nihil atque suscipit nihil.',454,7,27,'2020-12-21 07:34:26','2020-12-21 07:34:26'),
(41,'qui','Harum illum quos quia ad quisquam repudiandae. Sint porro assumenda iste corporis non aut totam. Suscipit quia ut est non rerum. Dicta itaque voluptatum sit perspiciatis sit.',309,2,5,'2020-12-21 07:34:26','2020-12-21 07:34:26'),
(42,'quasi','Corrupti quod odio ex voluptas nesciunt numquam. Veniam ut sequi blanditiis voluptas ut sunt. Eveniet dolorem quia eius quis sit temporibus aut.',912,9,18,'2020-12-21 07:34:26','2020-12-21 07:34:26'),
(43,'fuga','Doloremque odit et quo porro et ipsum. Incidunt earum non eligendi rerum dolorem et ut. Commodi quia beatae fuga minima tempore. Vel ducimus est minus. Assumenda quod asperiores sit natus nihil eveniet ut.',161,2,20,'2020-12-21 07:34:26','2020-12-21 07:34:26'),
(44,'esse','Odit omnis porro veniam quas exercitationem saepe quae. Voluptate iste dolor quia. Corrupti atque rerum velit. Odio neque ut officiis ipsa neque reprehenderit.',403,8,36,'2020-12-21 07:34:26','2020-12-21 07:34:26'),
(45,'nam','Facilis tenetur tenetur dolores inventore maiores odio omnis. Distinctio explicabo earum dicta ea natus. In reprehenderit similique explicabo qui fugiat. Et est aut in error et. Rem accusamus aut rerum provident qui.',576,6,9,'2020-12-21 07:34:26','2020-12-21 07:34:26'),
(46,'hic','Id sit magni ducimus nemo nostrum qui. Rerum voluptatem vero dicta velit assumenda sapiente voluptate.',822,8,21,'2020-12-21 07:34:26','2020-12-21 07:34:26'),
(47,'vitae','Officia blanditiis repudiandae voluptatum optio. Veritatis id atque quae voluptatem. Perspiciatis cumque et quos autem. Consectetur debitis commodi illo sed.',587,2,17,'2020-12-21 07:34:26','2020-12-21 07:34:26'),
(48,'eum','Est quam sapiente voluptate minus et. Eos culpa omnis dignissimos est voluptatem dolores mollitia. Vel dolorem occaecati quasi ut fugit. Quia earum repellat odit.',832,0,2,'2020-12-21 07:34:26','2020-12-21 07:34:26'),
(49,'minus','Qui necessitatibus quasi molestiae recusandae sunt. Provident perferendis soluta voluptas qui qui natus tenetur.',597,8,40,'2020-12-21 07:34:26','2020-12-21 07:34:26'),
(50,'ducimus','Velit in accusantium sint est officia fugit reprehenderit. Eum quidem non quod et sed quae pariatur et. Rerum incidunt nemo minus.',645,9,12,'2020-12-21 07:34:26','2020-12-21 07:34:26');

/*Table structure for table `reviews` */

DROP TABLE IF EXISTS `reviews`;

CREATE TABLE `reviews` (
  `id` int(10) unsigned NOT NULL AUTO_INCREMENT,
  `product_id` int(10) unsigned NOT NULL,
  `customer` varchar(255) COLLATE utf8mb4_unicode_ci NOT NULL,
  `review` text COLLATE utf8mb4_unicode_ci NOT NULL,
  `star` int(11) NOT NULL,
  `created_at` timestamp NULL DEFAULT NULL,
  `updated_at` timestamp NULL DEFAULT NULL,
  PRIMARY KEY (`id`),
  KEY `reviews_product_id_index` (`product_id`),
  CONSTRAINT `reviews_product_id_foreign` FOREIGN KEY (`product_id`) REFERENCES `products` (`id`) ON DELETE CASCADE
) ENGINE=InnoDB AUTO_INCREMENT=301 DEFAULT CHARSET=utf8mb4 COLLATE=utf8mb4_unicode_ci;

/*Data for the table `reviews` */

insert  into `reviews`(`id`,`product_id`,`customer`,`review`,`star`,`created_at`,`updated_at`) values 
(1,20,'Chyna Toy','Et sunt et dignissimos at. Voluptatum fugit ab sequi dolorum temporibus maxime. Omnis odit itaque harum dignissimos distinctio ducimus.',3,'2020-12-21 07:34:26','2020-12-21 07:34:26'),
(2,45,'Waino Fadel','Autem reiciendis sint quibusdam architecto architecto omnis. Accusamus aut minus dolores minus optio dignissimos voluptate. Odit facere aut molestias doloribus aut mollitia.',0,'2020-12-21 07:34:26','2020-12-21 07:34:26'),
(3,22,'Jaylin Bradtke','Minus neque maiores nulla voluptatum nulla quo. Sit enim illum est similique et accusantium. Maiores iusto voluptas porro vel dicta odio. Ut enim consectetur fugit et.',2,'2020-12-21 07:34:26','2020-12-21 07:34:26'),
(4,40,'Monique Predovic III','Cumque est cupiditate minus ut sed. Pariatur laudantium quaerat debitis et iusto. Sed eum qui saepe dolor excepturi atque quia.',5,'2020-12-21 07:34:26','2020-12-21 07:34:26'),
(5,46,'Ed Wiegand','Aut eligendi autem sunt exercitationem autem quis ullam excepturi. Mollitia aliquid sapiente error doloribus. Voluptatum quam et possimus quia magnam et sunt.',4,'2020-12-21 07:34:26','2020-12-21 07:34:26'),
(6,10,'Colin Graham','Ad quia libero ut saepe. Alias labore ut voluptate ea. Omnis quis consequatur vitae magnam architecto. Modi saepe blanditiis nobis reprehenderit magni quaerat labore.',3,'2020-12-21 07:34:26','2020-12-21 07:34:26'),
(7,25,'Luella Rolfson III','Aut consequuntur non adipisci. Ducimus odit facere itaque recusandae iure. Quia dolorum tempore veritatis rerum voluptatem voluptatem officia. Accusantium quia aut recusandae.',2,'2020-12-21 07:34:26','2020-12-21 07:34:26'),
(8,37,'Prof. Stephany Rau II','Et aut eligendi provident dolorem ut quos vel. Soluta excepturi amet et perspiciatis dolorem non aliquid. Eos et soluta voluptas sed voluptatem magni aut.',5,'2020-12-21 07:34:26','2020-12-21 07:34:26'),
(9,44,'Shany Kessler','Tenetur quia repudiandae sit ipsum rem a. Aut iure commodi voluptas et. Qui libero commodi recusandae veritatis ratione rerum molestiae. Ex animi voluptatem est sint ipsum necessitatibus sequi.',5,'2020-12-21 07:34:26','2020-12-21 07:34:26'),
(10,4,'Lacy Torphy','Voluptas commodi nihil illo eaque omnis. Vel voluptas error minus natus alias ipsa.',4,'2020-12-21 07:34:26','2020-12-21 07:34:26'),
(11,30,'Kasandra Shanahan','Eligendi veniam hic ut aut ipsum facere. Voluptate omnis est ut minus quis hic cum molestiae. Recusandae voluptatem dignissimos consequatur quidem sit ea vel. Qui alias et perferendis ex aperiam aperiam.',5,'2020-12-21 07:34:26','2020-12-21 07:34:26'),
(12,24,'Robert Schamberger Sr.','Reiciendis voluptas dolores qui aut repudiandae aut. Dolor sunt sapiente omnis non voluptatem. Sit laboriosam nobis sunt maxime qui laboriosam aspernatur.',1,'2020-12-21 07:34:26','2020-12-21 07:34:26'),
(13,23,'Destinee Wisoky','Et perferendis delectus amet est beatae quia. Et sed doloremque aut eum. Quas doloremque facere voluptatem quis placeat facilis vel.',2,'2020-12-21 07:34:26','2020-12-21 07:34:26'),
(14,10,'Zelda Morar','Qui quam et aut dolor eius ratione nobis. Modi quis esse suscipit omnis. Illum unde repellat nostrum ullam.',3,'2020-12-21 07:34:26','2020-12-21 07:34:26'),
(15,16,'Beulah Beer','Architecto omnis soluta tempore aliquid pariatur architecto. Quaerat illo placeat veritatis natus et a rerum. Aut consequatur deleniti quas labore odio nulla. Ab et id molestiae quis dolorum.',4,'2020-12-21 07:34:26','2020-12-21 07:34:26'),
(16,37,'Frank Pouros','Maxime sed cum expedita aliquid voluptatem dolorem quos iste. Molestiae quia recusandae quis molestiae. Quaerat facere cumque et quasi eum. Corporis nam suscipit vitae et.',1,'2020-12-21 07:34:26','2020-12-21 07:34:26'),
(17,23,'Hector Volkman II','Vel qui laudantium beatae. Aut repudiandae at necessitatibus. Molestiae consequatur quo et non. Ullam molestiae voluptates molestias aut. In tenetur deserunt omnis omnis aut quae adipisci.',3,'2020-12-21 07:34:26','2020-12-21 07:34:26'),
(18,44,'Tommie Roob','Facere quibusdam modi blanditiis molestiae atque nihil eos impedit. Vitae eius molestiae exercitationem odit. Consectetur corporis aut reiciendis error rerum unde et ratione.',5,'2020-12-21 07:34:26','2020-12-21 07:34:26'),
(19,33,'Brendan Rutherford','Adipisci illo quisquam omnis quia in autem eius. Assumenda quo magni nobis in dignissimos. Vel aperiam possimus et ut ipsum ut delectus laboriosam.',3,'2020-12-21 07:34:26','2020-12-21 07:34:26'),
(20,48,'Asia Gottlieb','Sequi suscipit laborum earum ipsum et aut et. Maxime delectus dicta voluptatibus. Voluptas eum eos et soluta voluptatem.',2,'2020-12-21 07:34:26','2020-12-21 07:34:26'),
(21,44,'Dr. Mackenzie Kuhlman','Et iusto deserunt soluta consequatur sit eligendi. Est accusantium officia eligendi soluta. Culpa fugit eum dolor beatae eos. Necessitatibus ipsum fugit dolor sunt.',5,'2020-12-21 07:34:26','2020-12-21 07:34:26'),
(22,36,'Mr. Carol Gerhold','Commodi quaerat velit amet ipsam quibusdam vel. Omnis quam qui veniam qui fuga in nobis. Eius provident eveniet rerum porro est sunt. Est corrupti ut natus temporibus officia illo officiis.',0,'2020-12-21 07:34:26','2020-12-21 07:34:26'),
(23,14,'Prof. Nora Cummings','Aut facere consectetur suscipit deserunt voluptatem ut neque quasi. Possimus vel fuga velit temporibus consequatur tenetur. Vel vero deserunt dolores laborum velit maxime quis. Aut in odit aliquam aut autem repudiandae deserunt.',0,'2020-12-21 07:34:27','2020-12-21 07:34:27'),
(24,14,'Jasen Wehner','Nisi numquam id sit aut beatae. Nihil in voluptatem inventore aut. Repudiandae quibusdam nemo deleniti necessitatibus ut voluptatem. Autem eius vel eos veniam ab. Consequatur et voluptas qui aliquid voluptas.',1,'2020-12-21 07:34:27','2020-12-21 07:34:27'),
(25,4,'Fletcher Welch','Unde doloribus velit magni rerum quam provident magni. Sapiente culpa magnam officiis unde. Repellendus est doloribus vel accusantium necessitatibus sed vel.',5,'2020-12-21 07:34:27','2020-12-21 07:34:27'),
(26,1,'Mathew Harber','Quibusdam eum qui cupiditate aperiam. Esse et est commodi asperiores.',4,'2020-12-21 07:34:27','2020-12-21 07:34:27'),
(27,41,'Drake Fritsch','Eos quam odio ut tempore. Corporis voluptate voluptas explicabo quo voluptas velit quia. Dolores accusamus et voluptatum ut id impedit.',5,'2020-12-21 07:34:27','2020-12-21 07:34:27'),
(28,35,'Prof. Krystina Leannon Jr.','Necessitatibus aut aperiam porro voluptates. Iste rerum aspernatur quis facere. Deserunt quia amet voluptas excepturi.',3,'2020-12-21 07:34:27','2020-12-21 07:34:27'),
(29,8,'Doyle Rice','Voluptas voluptate minima reiciendis impedit molestiae voluptatem. Sequi cumque perspiciatis illo quo explicabo autem. Ea quisquam est sed architecto. Voluptatem atque recusandae aliquam incidunt dignissimos in.',3,'2020-12-21 07:34:27','2020-12-21 07:34:27'),
(30,42,'Carmel Zboncak','Laudantium nobis expedita molestias. Voluptatibus cum eos et quas aliquam qui. Error placeat ipsam est qui dolorem tempora quia vel.',5,'2020-12-21 07:34:27','2020-12-21 07:34:27'),
(31,20,'Tony Cronin','Tempora aut reiciendis cumque ea consequatur doloribus. Voluptatem rerum explicabo laudantium ut consequatur. Ab sint quia aspernatur voluptas id. Laudantium saepe modi rerum nihil.',2,'2020-12-21 07:34:27','2020-12-21 07:34:27'),
(32,40,'Augustine Bruen','Ut ea dolorem quos modi aut eos. Sed dolores voluptas harum.',5,'2020-12-21 07:34:27','2020-12-21 07:34:27'),
(33,43,'Mr. Kaley Jaskolski V','Id non et vitae nemo. Quia omnis distinctio ducimus ipsum non sed doloremque doloremque. Maiores consectetur rerum in qui libero rerum accusantium. Facilis doloribus qui sit dolor. Eaque numquam eum reprehenderit exercitationem minima soluta officia.',3,'2020-12-21 07:34:27','2020-12-21 07:34:27'),
(34,38,'Connie Wilderman','Soluta corrupti dolore omnis porro. Voluptate quo aut eius rerum. Voluptas iste aut et impedit reiciendis.',5,'2020-12-21 07:34:27','2020-12-21 07:34:27'),
(35,9,'Dr. Noemie Ritchie PhD','Autem natus ea nobis nobis. Asperiores expedita commodi voluptatem quo et hic animi. Repellat rerum neque eos voluptatem consequatur maxime dolorem. Blanditiis nobis harum ea quae alias.',2,'2020-12-21 07:34:27','2020-12-21 07:34:27'),
(36,7,'Felipa Jakubowski','Itaque facilis nostrum quos aut excepturi deleniti fugiat. Quia vel dignissimos in esse voluptas. Sed neque sit quidem voluptatem sint. Ut reprehenderit explicabo facere natus deserunt consectetur.',1,'2020-12-21 07:34:27','2020-12-21 07:34:27'),
(37,36,'Dylan Sporer','Beatae amet rerum ea dolorem. Qui eos atque aut tempora. Nihil aut non et facilis quo fugiat aut.',3,'2020-12-21 07:34:27','2020-12-21 07:34:27'),
(38,46,'Xander Bernier','Consequuntur et reiciendis molestiae quisquam quis. Maiores at excepturi et nam voluptatem aut. Voluptatem tenetur in suscipit sit et. Quaerat sit fuga aperiam est nisi magnam.',5,'2020-12-21 07:34:27','2020-12-21 07:34:27'),
(39,31,'Jamil Hagenes','Repellat corrupti et omnis autem. Cumque voluptates nulla sed. Quasi omnis delectus id dolorum dolorem sit sunt. Repellat provident voluptas voluptate consequatur.',4,'2020-12-21 07:34:27','2020-12-21 07:34:27'),
(40,22,'Bianka Stanton','Dolor velit et laudantium et quibusdam sunt eaque. Et ut natus quis. Iste natus natus enim ratione. Recusandae dicta velit aspernatur vel magni et non.',5,'2020-12-21 07:34:27','2020-12-21 07:34:27'),
(41,25,'Johann Will','Aliquam et temporibus ipsam eveniet corrupti vero perspiciatis et. Voluptatem enim repudiandae ipsam aut omnis voluptatem reiciendis. Voluptatem aut a quia hic aut. Ut maxime vel dolores ut facilis in.',0,'2020-12-21 07:34:27','2020-12-21 07:34:27'),
(42,41,'Mrs. Odie Prosacco','Consequatur maiores neque eius assumenda incidunt ut. Recusandae ullam qui itaque cumque minima. Nisi repellendus omnis facilis exercitationem numquam non at.',4,'2020-12-21 07:34:27','2020-12-21 07:34:27'),
(43,48,'Andre Marquardt','Quo sunt nihil architecto quis distinctio atque. Quia et eaque laudantium enim harum. Qui est eos ut ipsam quod. Neque ut ipsa consectetur minima est nesciunt eveniet a.',2,'2020-12-21 07:34:27','2020-12-21 07:34:27'),
(44,34,'Wyman Herman','Unde labore ab quia. Aut ut iste qui et accusamus. Dolorem quod soluta assumenda exercitationem ipsam ullam sed doloribus.',3,'2020-12-21 07:34:27','2020-12-21 07:34:27'),
(45,17,'Keven Cummings','Eum dignissimos inventore quo ullam dolor quisquam saepe. Asperiores aut dolorem sunt. Voluptatem explicabo sit magni qui quod magni provident. Sed quod sed natus magni aliquam optio voluptatibus.',2,'2020-12-21 07:34:27','2020-12-21 07:34:27'),
(46,11,'Lucas Baumbach','Id aliquid sit odit aut labore. Quos dignissimos cupiditate fugit voluptatem in error eum fugit. Aut quod molestiae pariatur veniam atque sint.',0,'2020-12-21 07:34:27','2020-12-21 07:34:27'),
(47,40,'Ms. Lucy Ernser I','Reprehenderit laborum soluta amet minus est magni voluptate. Distinctio architecto autem ut quia eum excepturi ut. Molestias rerum odit adipisci placeat at. Aliquid ad magni quia et quo. Qui enim autem sed sit ut.',3,'2020-12-21 07:34:27','2020-12-21 07:34:27'),
(48,36,'Shany Sporer','Nihil doloribus natus sunt nobis blanditiis ex aliquid. Qui nisi ab est soluta labore consequuntur.',2,'2020-12-21 07:34:27','2020-12-21 07:34:27'),
(49,37,'Ms. Delfina Cormier Jr.','Voluptates blanditiis facilis impedit quia. Consequatur nisi sunt aliquam et amet neque reiciendis. Nihil quos veniam pariatur quae minima ut voluptates. Ut in ratione dignissimos eos praesentium nemo quae. Quos doloremque exercitationem illo unde.',5,'2020-12-21 07:34:27','2020-12-21 07:34:27'),
(50,50,'Tressie Doyle','Minima omnis sed dolore dolor. Nihil reiciendis officiis non molestias sunt expedita eius. Culpa dolores possimus impedit aut itaque doloribus ratione corrupti. Est eum cupiditate et ratione ea commodi sunt.',2,'2020-12-21 07:34:27','2020-12-21 07:34:27'),
(51,36,'Alysson Greenholt','Eveniet voluptatum praesentium tenetur nisi amet. Ut pariatur velit est est sit rem. Corrupti aut sequi ex et facilis nobis optio.',3,'2020-12-21 07:34:27','2020-12-21 07:34:27'),
(52,48,'Prof. Osvaldo Kovacek Jr.','Aut itaque commodi natus maxime eum eos non. Voluptatibus aut et at atque non nobis ut odit.',3,'2020-12-21 07:34:27','2020-12-21 07:34:27'),
(53,31,'Gina Feil','Laudantium consectetur id nostrum a qui perferendis a eum. Maiores dicta assumenda qui praesentium autem accusantium consequatur nisi. Minus aut assumenda impedit vero dolores. Cumque porro fugiat non sit ad.',1,'2020-12-21 07:34:27','2020-12-21 07:34:27'),
(54,12,'Lilyan Watsica','Quo beatae et omnis itaque molestiae. Aut quaerat natus labore ducimus temporibus iste adipisci. Ex autem a omnis aliquam quasi at ut.',1,'2020-12-21 07:34:27','2020-12-21 07:34:27'),
(55,3,'Greyson Klocko PhD','Blanditiis harum sint consequatur in dolor culpa dolores. Vel aut nesciunt velit voluptatem dolores. Accusamus nisi aspernatur est. Sed aut nihil rem consectetur autem soluta.',2,'2020-12-21 07:34:27','2020-12-21 07:34:27'),
(56,26,'Burnice Prosacco PhD','Quo magnam rerum blanditiis voluptates amet. Veniam soluta et alias repudiandae incidunt expedita nobis veritatis. Fugit doloremque quasi esse voluptas. Delectus eveniet corrupti tempore est voluptatum.',3,'2020-12-21 07:34:27','2020-12-21 07:34:27'),
(57,16,'Miss Hannah Padberg','Voluptatem voluptas id et quo molestiae reiciendis. Minus molestiae aut dignissimos.',2,'2020-12-21 07:34:27','2020-12-21 07:34:27'),
(58,20,'Ms. Taya Rippin II','Ut qui ad et nam commodi sunt non. Consequatur aspernatur velit modi rerum et sed nisi. Qui doloribus nostrum dolorem tempore. Asperiores odit praesentium a amet nulla.',3,'2020-12-21 07:34:27','2020-12-21 07:34:27'),
(59,36,'Kaela DuBuque','Soluta tempore perferendis repudiandae iure aut. Molestiae harum pariatur veniam quaerat ipsum ullam nostrum. Velit quibusdam qui architecto suscipit vel eius.',5,'2020-12-21 07:34:27','2020-12-21 07:34:27'),
(60,10,'Alycia Wisoky','Quae sed est sit sunt. Harum facilis et aspernatur sed cupiditate quis. Voluptatem enim eos deserunt error eaque quis sit sunt. Et sed eos ipsa est dolorum illum.',1,'2020-12-21 07:34:27','2020-12-21 07:34:27'),
(61,43,'Prof. Zachery Wintheiser DVM','Esse est quam corporis impedit cupiditate et. Eaque distinctio labore cum voluptas vel minima. Est nihil laudantium veritatis quaerat. Quo eius quia id molestiae.',5,'2020-12-21 07:34:27','2020-12-21 07:34:27'),
(62,20,'Rasheed Shanahan','Non facilis in dolores repudiandae nostrum. Laudantium reprehenderit nesciunt aliquam quo. In cumque tenetur aut sunt vel.',5,'2020-12-21 07:34:27','2020-12-21 07:34:27'),
(63,26,'Newton Batz','Ut inventore neque nemo voluptatem. Voluptatibus qui aut voluptates fuga harum in sit. Rerum expedita quos culpa nihil illo vel.',5,'2020-12-21 07:34:27','2020-12-21 07:34:27'),
(64,13,'Richard Schumm','Enim voluptatibus reiciendis culpa autem nihil. Sit nam atque sed voluptatem hic culpa. Omnis eligendi voluptatem placeat dicta.',1,'2020-12-21 07:34:27','2020-12-21 07:34:27'),
(65,40,'Prof. Elna Donnelly MD','Vitae quia dolores animi tenetur velit et. Non facere debitis porro. Inventore doloremque corrupti unde repellendus. Ut fugiat consequatur illum sapiente totam voluptatem.',0,'2020-12-21 07:34:27','2020-12-21 07:34:27'),
(66,20,'Mavis Green','Dolore iure quis est rerum mollitia voluptatem saepe. A ut nihil asperiores quas dolore accusantium. Cupiditate aut enim eum molestiae fugit quos quia.',2,'2020-12-21 07:34:27','2020-12-21 07:34:27'),
(67,12,'Ari Littel','Commodi alias ut cumque voluptas. Et esse doloribus sed quisquam dolorum. Aut aliquid provident facere et tempora. Saepe mollitia unde soluta voluptas cumque alias.',3,'2020-12-21 07:34:27','2020-12-21 07:34:27'),
(68,16,'Arno Rempel','Eum ad aut et odio voluptatem. Velit impedit omnis sapiente aut placeat molestias. Qui rerum culpa corrupti dignissimos corrupti. Harum illum earum ullam qui omnis.',4,'2020-12-21 07:34:27','2020-12-21 07:34:27'),
(69,44,'Leslie Green','Id deserunt quae maiores esse aut. Veritatis nemo ad molestiae laboriosam reiciendis. Error quasi et distinctio non. In ut quia sit dolorem magnam explicabo.',0,'2020-12-21 07:34:27','2020-12-21 07:34:27'),
(70,42,'Dr. Anika Ritchie III','Nesciunt dolores libero debitis aut libero sed. Qui laudantium sapiente similique nisi repellendus. Nisi dicta adipisci ut asperiores. Ipsam ut magnam qui sint beatae.',2,'2020-12-21 07:34:27','2020-12-21 07:34:27'),
(71,50,'Sean Rippin MD','Est alias non ad molestias voluptatem qui hic. Aut minus minima aut. Sed quis sint rerum est dolorum accusantium sit. Illum iste ipsum dolor.',2,'2020-12-21 07:34:27','2020-12-21 07:34:27'),
(72,48,'Norma Hansen IV','Doloremque unde eum consequuntur iste ab illo numquam. Facilis officia dolores nemo. Dolor quos sint aspernatur eos.',5,'2020-12-21 07:34:27','2020-12-21 07:34:27'),
(73,28,'Pearl Leannon','Explicabo qui nostrum est voluptas officia ratione rerum. Reiciendis et voluptas aut cumque nemo facilis fuga. Cum fugiat placeat nesciunt nesciunt et necessitatibus. Voluptate quisquam maxime ut necessitatibus non aut reiciendis velit. Aut explicabo porro consequuntur sapiente.',2,'2020-12-21 07:34:27','2020-12-21 07:34:27'),
(74,41,'Rita Lindgren Sr.','Nesciunt enim ut a quae eveniet tempora. Ducimus est consequatur et reprehenderit molestiae. Delectus vel repudiandae eaque aut illo corporis. Repellendus doloribus modi voluptas quaerat magnam laudantium ad.',2,'2020-12-21 07:34:27','2020-12-21 07:34:27'),
(75,19,'Prof. Javonte McKenzie','Totam dolore qui libero odio. Laboriosam rerum sed corrupti ipsum asperiores perspiciatis quam. Sit voluptatem in porro ut iure eum. Omnis ad enim qui aperiam.',1,'2020-12-21 07:34:27','2020-12-21 07:34:27'),
(76,11,'Miss Velda Schowalter','Aut debitis consequatur aut numquam id dolore. Ex ea earum eos nihil ipsa repellat. Consequuntur aut sed est.',0,'2020-12-21 07:34:27','2020-12-21 07:34:27'),
(77,4,'Chasity Cronin IV','Itaque nisi eveniet eum quo dolorum ullam qui. Occaecati et unde omnis dolor. Optio debitis qui velit velit alias quis.',2,'2020-12-21 07:34:27','2020-12-21 07:34:27'),
(78,36,'Eudora Wiza IV','Molestiae id doloribus nemo eum officiis rerum. Ut amet perspiciatis omnis et dolorem. Recusandae et amet unde.',2,'2020-12-21 07:34:27','2020-12-21 07:34:27'),
(79,11,'Ernestina Hansen V','Ut iste modi facere et autem consequatur fugiat. Repudiandae velit quaerat qui. Vitae possimus beatae tempora perspiciatis nihil molestias. Quia aperiam debitis quia nulla recusandae consequatur voluptatem.',0,'2020-12-21 07:34:27','2020-12-21 07:34:27'),
(80,28,'Miss Alice Feest I','Rem rerum esse et. In ea est error omnis quidem officiis adipisci. Et doloremque quae eaque quo nihil.',5,'2020-12-21 07:34:27','2020-12-21 07:34:27'),
(81,35,'Elliot Emard','Voluptatem nobis et omnis quia sit officiis et temporibus. Consequuntur voluptatum voluptas dolorem sed dicta aut vitae. Sed nisi ipsa quo impedit cumque. Vitae animi tenetur quo nihil.',4,'2020-12-21 07:34:28','2020-12-21 07:34:28'),
(82,27,'Miss Bailee Kuhn','Facilis quas ex aliquid quidem et distinctio harum qui. Culpa dolores enim et dolore quia blanditiis voluptatem expedita. Harum in placeat temporibus quisquam at. A sint nemo non totam molestiae atque aut. Sapiente asperiores dolores voluptatem necessitatibus est enim doloremque.',5,'2020-12-21 07:34:28','2020-12-21 07:34:28'),
(83,2,'Janis Farrell DVM','Nobis aut enim veritatis eaque. Sint quidem accusamus temporibus dicta et. Facilis distinctio enim nulla est accusamus dolores. Ratione ipsum vel et eos nemo nihil. Velit error natus est sequi accusamus.',0,'2020-12-21 07:34:28','2020-12-21 07:34:28'),
(84,22,'Amanda Conroy','Temporibus illum praesentium magnam reiciendis explicabo nostrum. Ullam ut impedit aspernatur incidunt. Quo sit culpa dolorem.',2,'2020-12-21 07:34:28','2020-12-21 07:34:28'),
(85,21,'Shawna Maggio','Sunt aut distinctio sequi odio eligendi repudiandae ducimus. Voluptatem qui accusamus corporis necessitatibus aspernatur minus sint. Perferendis eos dolores architecto in. Nulla quis a architecto quibusdam molestiae.',1,'2020-12-21 07:34:28','2020-12-21 07:34:28'),
(86,41,'Prof. Belle Collier DVM','Asperiores unde aut sunt aut fugiat maiores. Libero aut ea et nihil. Temporibus quas veritatis eum perferendis voluptatem nostrum vel. Ex rerum quaerat assumenda.',4,'2020-12-21 07:34:28','2020-12-21 07:34:28'),
(87,12,'Naomie Swaniawski','Excepturi et cupiditate qui incidunt omnis et. Sint maiores qui aut optio voluptas perspiciatis. Inventore tenetur voluptas quod consequatur sed facilis excepturi.',5,'2020-12-21 07:34:28','2020-12-21 07:34:28'),
(88,36,'Mr. Geovany Bayer','Ut vitae non officiis vel dolores. Atque reprehenderit similique hic provident fuga.',0,'2020-12-21 07:34:28','2020-12-21 07:34:28'),
(89,45,'Keegan Mante','Vel quasi quos qui maiores voluptatem porro. Necessitatibus ipsum recusandae qui velit blanditiis. A ea quo inventore autem ipsam nihil voluptates accusantium. Impedit quasi fuga minus corporis nihil.',1,'2020-12-21 07:34:28','2020-12-21 07:34:28'),
(90,1,'Mandy Barrows','Est delectus repellat dolor totam consequuntur molestiae. Dolore ducimus sapiente quae non officiis sint explicabo. Cum voluptatibus assumenda quia itaque ad amet.',5,'2020-12-21 07:34:28','2020-12-21 07:34:28'),
(91,35,'Dr. Hilton Lindgren','Aut molestiae repellat pariatur quisquam voluptatem in cum. Quia praesentium corporis sint aut. Qui enim voluptatibus necessitatibus ipsum mollitia dolores. Qui ad expedita culpa aut odit quis. Et qui facilis necessitatibus quo.',3,'2020-12-21 07:34:28','2020-12-21 07:34:28'),
(92,16,'Aiden Zulauf','Asperiores esse fugiat magnam sint. Quia in sunt tenetur et et. Asperiores magni saepe quia nam soluta sit exercitationem. Adipisci aut nemo iusto animi pariatur iste.',2,'2020-12-21 07:34:28','2020-12-21 07:34:28'),
(93,1,'Reinhold Aufderhar','Quos quia veritatis hic qui cupiditate minus accusantium. Vel qui culpa nobis praesentium. Voluptatem et perferendis molestiae eos rerum dolores.',0,'2020-12-21 07:34:28','2020-12-21 07:34:28'),
(94,25,'Sabrina DuBuque','Cupiditate et eius quia vero vero et mollitia. Ab beatae ipsum nostrum. Ea est veritatis impedit velit sunt id ratione.',1,'2020-12-21 07:34:29','2020-12-21 07:34:29'),
(95,13,'Kaci Ondricka','Eaque dignissimos iure voluptas velit. Fuga eum hic alias dolorem. Culpa molestiae id consequatur.',5,'2020-12-21 07:34:29','2020-12-21 07:34:29'),
(96,32,'Itzel Treutel','Consequuntur pariatur mollitia ipsa ut corporis. Doloremque distinctio mollitia pariatur velit dolor et iure. Itaque ratione magni enim ex qui.',5,'2020-12-21 07:34:29','2020-12-21 07:34:29'),
(97,2,'Eloise Fritsch','Voluptatibus aut fugiat mollitia minus rerum. Quam sint velit aut ut. Molestiae perferendis est autem enim et est officiis.',0,'2020-12-21 07:34:29','2020-12-21 07:34:29'),
(98,24,'Miss Romaine Heaney V','Commodi iusto nam explicabo commodi ut voluptatem qui eius. Deleniti rerum voluptate odit aperiam et in perspiciatis.',5,'2020-12-21 07:34:29','2020-12-21 07:34:29'),
(99,2,'Lonzo Ritchie','Eos ut nesciunt expedita quasi magni facilis facilis. Velit omnis ipsum labore. Et quaerat aut quo ut fugit voluptas.',5,'2020-12-21 07:34:29','2020-12-21 07:34:29'),
(100,46,'Mr. Skylar Hoppe','Nostrum qui temporibus quae eum voluptas sunt earum. Cupiditate sit blanditiis sit magnam voluptatum dolores. Sed aspernatur et fuga.',5,'2020-12-21 07:34:29','2020-12-21 07:34:29'),
(101,46,'Justina Sporer','Rerum deserunt est aliquid amet. Similique reprehenderit corporis enim mollitia accusamus. Et corporis cumque aperiam exercitationem laborum repellat.',1,'2020-12-21 07:34:29','2020-12-21 07:34:29'),
(102,37,'Prof. Santino Roob','Accusamus fuga est ut porro. Dignissimos corporis harum harum ex. Natus quae numquam temporibus ullam quos qui in et. Commodi et et consequatur non praesentium.',2,'2020-12-21 07:34:29','2020-12-21 07:34:29'),
(103,5,'Niko Beier II','Quasi et et et adipisci at adipisci tempore et. Blanditiis omnis possimus et magnam. Nobis nam qui deserunt architecto illum facilis asperiores veniam.',3,'2020-12-21 07:34:29','2020-12-21 07:34:29'),
(104,47,'Ressie Conroy','Sed delectus porro optio ut vero quos. Natus corporis est qui atque ex. Molestiae animi aut soluta quia quo dolor.',1,'2020-12-21 07:34:29','2020-12-21 07:34:29'),
(105,35,'Prof. Colin Sporer','Fuga adipisci omnis sunt ut. Quia nihil aut voluptatum nihil iste dolores. Quia eos ut voluptas voluptatem voluptatem.',4,'2020-12-21 07:34:29','2020-12-21 07:34:29'),
(106,40,'Aaliyah Hand','Suscipit architecto at sit id quas qui. Ullam fugit ut fugit vel aut ut. Dolor neque neque praesentium. Aut veritatis iste veritatis molestias consectetur.',0,'2020-12-21 07:34:29','2020-12-21 07:34:29'),
(107,13,'Prof. Margarita Berge I','Maiores adipisci facere eos repellendus modi. Mollitia error quisquam possimus amet iste dolores accusantium. Ullam repudiandae ipsam quis ex.',4,'2020-12-21 07:34:29','2020-12-21 07:34:29'),
(108,2,'Kelvin Quigley','Ea commodi quisquam porro nisi. Fugit quis repellendus perferendis ut ullam sit. Voluptatem neque enim quis sunt ut velit atque quo. Consequatur nulla sed sit non id ab.',0,'2020-12-21 07:34:29','2020-12-21 07:34:29'),
(109,12,'Dr. Libby Rolfson','Earum provident et vero. Voluptate ratione maxime debitis. Commodi similique adipisci voluptatibus ipsa assumenda numquam ea. Sequi voluptas ipsum ducimus eum voluptatem officia iure. Repellat est autem modi ipsam.',1,'2020-12-21 07:34:29','2020-12-21 07:34:29'),
(110,3,'Lonny Goyette','Vel assumenda libero reiciendis corrupti vitae fuga. Quaerat veniam et voluptatem suscipit quis ratione. Sunt animi ducimus quia quis autem et. Nam et eos quia ut.',4,'2020-12-21 07:34:29','2020-12-21 07:34:29'),
(111,23,'Lolita Marquardt','Repellendus facilis earum ab expedita et. Reiciendis et ab qui laudantium at porro nemo. Non architecto voluptatem ullam ipsam quia minus non. Ipsa laborum sit veniam eaque rerum. Possimus consequatur ea accusantium.',5,'2020-12-21 07:34:29','2020-12-21 07:34:29'),
(112,22,'Burdette Kihn','Commodi odio perferendis provident ut dignissimos illo. Quod aut amet velit dolore voluptatem eum sed alias. Minima sunt eum et voluptatibus corporis ad. In minus ratione quidem in tempore sit.',1,'2020-12-21 07:34:29','2020-12-21 07:34:29'),
(113,22,'Dr. Rolando Bednar DVM','Molestias temporibus cupiditate ipsa aliquam omnis rerum hic esse. Autem sequi quos adipisci praesentium consectetur qui quo.',2,'2020-12-21 07:34:29','2020-12-21 07:34:29'),
(114,49,'Ole Wehner','Ea suscipit est et facere. Tenetur modi occaecati eos adipisci fuga et animi neque. Id quasi optio voluptatem perferendis deleniti beatae et. Esse qui debitis tenetur ad. Quas delectus nesciunt corrupti voluptas non.',4,'2020-12-21 07:34:29','2020-12-21 07:34:29'),
(115,1,'Deonte Flatley','Nobis minima quidem et voluptatem. Nisi aperiam reprehenderit ut est. Tempora quas quia reprehenderit voluptatibus saepe. Itaque nesciunt impedit sit dolore quod autem.',2,'2020-12-21 07:34:29','2020-12-21 07:34:29'),
(116,37,'Shirley Walsh','Modi et aperiam hic. Laboriosam voluptate provident quia. Quidem repellat et ex porro.',1,'2020-12-21 07:34:29','2020-12-21 07:34:29'),
(117,15,'Luciano Botsford','Enim rerum et voluptas aut libero voluptas aut molestiae. Explicabo et aliquam soluta voluptatem. Omnis quibusdam facilis suscipit eum.',1,'2020-12-21 07:34:29','2020-12-21 07:34:29'),
(118,29,'Maryam Harris','Asperiores impedit voluptatem et. Consequatur sint eaque earum. Sint architecto sed est repellat. Et provident et quam dolorum quis et.',5,'2020-12-21 07:34:29','2020-12-21 07:34:29'),
(119,49,'Lea Renner','Nihil sapiente quia vel odio ipsam. Facilis aut debitis amet. In beatae delectus tempore tempore. Omnis delectus et dolor. Impedit dolores impedit non maxime alias omnis.',4,'2020-12-21 07:34:29','2020-12-21 07:34:29'),
(120,48,'Prof. Katelynn Langworth DVM','Tempore illum ea dolorem modi modi. Error ducimus autem qui aut fuga et et. Quis veritatis sed necessitatibus neque voluptatem.',1,'2020-12-21 07:34:29','2020-12-21 07:34:29'),
(121,37,'Mr. Porter Leuschke Sr.','Vel omnis nisi inventore quaerat placeat. Natus labore sed fuga sed et in. Eos quaerat omnis quia impedit rerum itaque.',2,'2020-12-21 07:34:29','2020-12-21 07:34:29'),
(122,5,'Mr. Brannon Runte DVM','Qui ad aut quaerat nesciunt. Quia eos autem maiores harum fugiat unde libero. Impedit culpa magnam alias iusto eum rerum cum.',4,'2020-12-21 07:34:29','2020-12-21 07:34:29'),
(123,18,'Skylar Rohan V','Quos voluptatem nostrum amet non dolores quidem qui. In et dolor id soluta excepturi tempore aut odit. Voluptatem non hic velit voluptatum. Porro quae laboriosam doloribus nisi soluta.',2,'2020-12-21 07:34:29','2020-12-21 07:34:29'),
(124,33,'Noah Abernathy','Quia voluptatem sed ducimus quisquam provident dicta iste ut. Dolores aut voluptates libero eaque quasi voluptatem tempore. Nemo itaque amet perferendis laborum eum.',2,'2020-12-21 07:34:30','2020-12-21 07:34:30'),
(125,14,'Trinity Wyman','Amet ex id qui eos similique consectetur sequi rerum. Neque commodi porro explicabo eum. Voluptatem aut autem consequatur facere. At rerum neque sapiente ut ea molestiae consequatur. Nostrum sed aliquid nihil reiciendis asperiores sed.',3,'2020-12-21 07:34:30','2020-12-21 07:34:30'),
(126,40,'Tristin Casper','Nemo autem vel et consequatur. Aspernatur et et quis labore omnis doloribus dolores odio. Voluptatem eum voluptatem non modi fuga sed. Rerum praesentium officia rerum quos nobis qui est.',4,'2020-12-21 07:34:30','2020-12-21 07:34:30'),
(127,20,'Rosamond Kris','Unde ut hic alias vel quia. Velit quia sapiente est. Incidunt dicta optio qui rerum aperiam reprehenderit deserunt.',4,'2020-12-21 07:34:30','2020-12-21 07:34:30'),
(128,50,'Aglae Ullrich','Vel quisquam nihil modi ad accusamus fugiat eveniet. Neque sit quia dolorem quis. Excepturi praesentium iusto et molestiae ut excepturi.',0,'2020-12-21 07:34:30','2020-12-21 07:34:30'),
(129,33,'Maci Leffler','Unde dolores ad doloremque saepe minima nulla ab quis. Accusantium eum numquam et voluptas qui. Dolores laboriosam minima earum alias aut eligendi omnis. Minus perferendis aut quod error.',4,'2020-12-21 07:34:30','2020-12-21 07:34:30'),
(130,25,'Mr. Larry Ebert II','Sed unde in dolor aut. Ipsa corporis enim esse itaque accusamus rerum dolorem. Provident esse quidem rerum beatae. Et commodi debitis aut est.',4,'2020-12-21 07:34:30','2020-12-21 07:34:30'),
(131,8,'Alyce Bradtke','Corrupti suscipit accusamus deleniti aut ad beatae. Fugit molestiae voluptates mollitia. Earum modi enim quo quos.',3,'2020-12-21 07:34:30','2020-12-21 07:34:30'),
(132,48,'Guiseppe Waelchi','In magnam consequatur optio. Voluptatum deserunt autem dolores suscipit. Vitae fuga voluptas et totam molestias. Praesentium delectus rerum in rerum et odio.',5,'2020-12-21 07:34:30','2020-12-21 07:34:30'),
(133,4,'Xzavier Ledner','Commodi sequi pariatur neque explicabo. Cumque cum in vel nihil illum ad atque delectus. Modi ullam laboriosam ducimus consequatur culpa. Cumque quis eveniet laboriosam ut modi quasi ab quod.',3,'2020-12-21 07:34:30','2020-12-21 07:34:30'),
(134,48,'Veronica Kshlerin','Excepturi rerum voluptate molestiae adipisci aut qui qui eligendi. Quod minima iste ullam fuga facere. Autem similique ut sit eum nihil accusantium.',3,'2020-12-21 07:34:30','2020-12-21 07:34:30'),
(135,27,'Elsie Ledner','Quo ipsum sint esse sunt. Voluptas exercitationem ipsa saepe. Quis consequuntur et aliquid illo provident consequuntur cum.',4,'2020-12-21 07:34:30','2020-12-21 07:34:30'),
(136,5,'Berenice Conroy','Ea animi provident quasi voluptate ducimus. Quibusdam sequi sint ea repellendus fuga quo non qui. Laborum exercitationem numquam ut laborum in consequuntur ratione. Quo quia sed laudantium et voluptate aperiam voluptatem ut.',5,'2020-12-21 07:34:30','2020-12-21 07:34:30'),
(137,9,'Erica Mayer III','Culpa vero reprehenderit ipsam labore suscipit officia. Nesciunt rerum dignissimos vel illo voluptas. Sit aut maiores mollitia laborum est molestias qui mollitia.',1,'2020-12-21 07:34:30','2020-12-21 07:34:30'),
(138,6,'Garett Bashirian','Sit voluptas ducimus similique reprehenderit sunt amet. Deserunt cumque ratione aut ipsum illo omnis. Quia non earum rerum sit et. Aliquam fugit sed iure aperiam ducimus voluptate harum et.',4,'2020-12-21 07:34:30','2020-12-21 07:34:30'),
(139,46,'Jerod Ledner','Alias at illo repellat. Labore doloremque nisi placeat numquam consequuntur necessitatibus. Fugit est reprehenderit omnis quaerat dicta pariatur.',2,'2020-12-21 07:34:30','2020-12-21 07:34:30'),
(140,39,'Dock Carter','Qui consectetur voluptatem ducimus nam omnis voluptatum enim. Consequatur magnam expedita ullam quisquam magni officiis. Qui quo blanditiis ut.',4,'2020-12-21 07:34:30','2020-12-21 07:34:30'),
(141,7,'Moises Simonis','Dolorem magni deserunt suscipit harum. Aut eligendi vero fuga ducimus alias libero. Velit sint a aut est repellat accusantium aut. Excepturi eum magni nisi aliquid dolorem id fuga.',5,'2020-12-21 07:34:30','2020-12-21 07:34:30'),
(142,9,'Elmira Carroll','Et facere numquam dolorem illo ut sit reiciendis. Ea velit molestias ab illum harum.',5,'2020-12-21 07:34:30','2020-12-21 07:34:30'),
(143,24,'Mr. Orland Quitzon','Ipsum nulla eum voluptatem temporibus aut minus et numquam. Atque doloribus fuga quia totam adipisci. Iusto est similique dolores minus ut. Doloremque ducimus maiores quia eum vitae.',4,'2020-12-21 07:34:30','2020-12-21 07:34:30'),
(144,25,'Robbie VonRueden','Eos expedita hic pariatur ullam voluptatem. Quia suscipit maxime quo eligendi ut repellat. Voluptatem et possimus porro qui.',0,'2020-12-21 07:34:30','2020-12-21 07:34:30'),
(145,18,'Rafaela Murazik','Quia autem possimus sint vel veritatis perferendis sit. Voluptatem officia aut facilis ut impedit magni. Qui sequi quidem iure est cumque autem. Veritatis facilis vero doloremque neque quia.',4,'2020-12-21 07:34:30','2020-12-21 07:34:30'),
(146,29,'Melvin Zulauf I','Nihil ut eum repellat. Omnis sapiente et sint quia qui.',5,'2020-12-21 07:34:30','2020-12-21 07:34:30'),
(147,21,'Mrs. Aurelie Purdy II','Dolor nisi voluptatibus fugiat voluptatibus. Cupiditate quaerat et rerum fugit deleniti. Voluptatem saepe voluptatem molestiae ducimus quia maxime. Corrupti sed facilis reiciendis voluptate placeat minus.',5,'2020-12-21 07:34:30','2020-12-21 07:34:30'),
(148,32,'Mr. Quinton Thiel','Consectetur deserunt maiores unde ut. Consectetur nesciunt deleniti et quo nulla. Ea ut sed voluptatem ut sit cumque optio sequi.',5,'2020-12-21 07:34:30','2020-12-21 07:34:30'),
(149,33,'Jarrett Rempel MD','Molestiae dolore eum architecto eligendi esse ullam qui. Exercitationem molestias possimus sapiente quia sunt est dolorum. Ratione fugit voluptatibus non.',5,'2020-12-21 07:34:30','2020-12-21 07:34:30'),
(150,21,'Gustave Parker DVM','Iure voluptatem ex in sit. Quam distinctio molestiae qui ullam beatae occaecati. Omnis quaerat et occaecati est. Sed vel beatae iusto amet soluta.',1,'2020-12-21 07:34:30','2020-12-21 07:34:30'),
(151,50,'Kyra Schoen II','Repellendus commodi ipsam non rerum ea. Quo quisquam quam pariatur perspiciatis. Dolores nemo sit et minima accusamus ratione quod.',5,'2020-12-21 07:34:30','2020-12-21 07:34:30'),
(152,6,'Sarai Macejkovic','Minima harum nihil enim ab reprehenderit consequatur. Officia saepe quae nemo ea cumque.',5,'2020-12-21 07:34:30','2020-12-21 07:34:30'),
(153,7,'Prof. Norval Mueller','Voluptas alias occaecati rerum et minima qui pariatur. Beatae molestiae architecto illo omnis. Totam cupiditate deleniti nesciunt in totam voluptates.',0,'2020-12-21 07:34:30','2020-12-21 07:34:30'),
(154,8,'Anabelle Lang','Culpa atque asperiores omnis omnis nostrum modi. Qui et nesciunt adipisci qui. Odio nobis magni voluptatum et eos aliquam reprehenderit voluptas. Et voluptatem autem sit veritatis repellendus aut doloribus accusamus. Necessitatibus animi sequi non et occaecati ipsam.',1,'2020-12-21 07:34:30','2020-12-21 07:34:30'),
(155,28,'Kennedi Renner','Fugiat non beatae ratione qui nam laudantium quis. Voluptatem natus tenetur quia deleniti minus qui. Suscipit adipisci ad molestias voluptatem ea repellat. Vel cupiditate dolorem voluptas quod in. Perferendis dicta eius id debitis quia voluptas soluta.',2,'2020-12-21 07:34:30','2020-12-21 07:34:30'),
(156,17,'Dave Gutkowski','Sint aut et numquam id perspiciatis mollitia sint. Eum tenetur aut incidunt expedita. In suscipit explicabo sint totam et ea ut. Ducimus dolor ab omnis odit.',2,'2020-12-21 07:34:30','2020-12-21 07:34:30'),
(157,12,'Dr. Darrion Sporer','Voluptas repellendus et vitae veritatis corporis. Mollitia tempore fuga et quis magnam consequuntur accusantium. Ipsum aspernatur tempora nulla necessitatibus molestias iusto hic totam.',1,'2020-12-21 07:34:30','2020-12-21 07:34:30'),
(158,16,'Mrs. Elsa Abbott DVM','Rerum qui est consequatur magnam dolores debitis molestiae. Labore est aliquam omnis voluptas unde recusandae. Vitae modi eos sequi cupiditate iste sint et distinctio. Cupiditate culpa sunt cumque enim velit.',3,'2020-12-21 07:34:30','2020-12-21 07:34:30'),
(159,26,'Herbert Stroman','Quia quia dolores assumenda. Nihil consequatur maiores id occaecati ullam voluptas expedita. Reprehenderit ipsum et nemo atque.',1,'2020-12-21 07:34:30','2020-12-21 07:34:30'),
(160,33,'Bianka Durgan','Velit vel qui tempora minus quaerat omnis at. Iusto reprehenderit non qui sed. Ipsa perferendis et sed ratione.',2,'2020-12-21 07:34:30','2020-12-21 07:34:30'),
(161,35,'Carey Zulauf','Rerum laborum accusantium possimus ab. Eveniet consequuntur maiores facere dolores dolore temporibus velit ullam. Voluptatem commodi deserunt rem ipsa quo.',0,'2020-12-21 07:34:30','2020-12-21 07:34:30'),
(162,10,'Heidi Smith','Ut quo enim laborum qui repellendus. Dolores quod dolore modi ducimus. Dolorum error minima voluptate sit rerum eius magni velit. Voluptatum voluptatem pariatur ipsum qui praesentium ut exercitationem quisquam. Sit consectetur nemo nihil in voluptatem alias.',3,'2020-12-21 07:34:30','2020-12-21 07:34:30'),
(163,42,'Tyreek Russel','Nam necessitatibus aspernatur culpa aliquam occaecati accusantium et. Laborum odio libero fugiat autem necessitatibus provident necessitatibus. Saepe deleniti a cumque voluptates quo ut. Fugit aut sequi hic et laudantium.',1,'2020-12-21 07:34:30','2020-12-21 07:34:30'),
(164,9,'Mrs. Cassandre Kuvalis','Eum consequatur voluptates nobis omnis est. Sed sit totam distinctio veniam eos et ut et. Magni aut laboriosam voluptatibus voluptatem. Et voluptatum quia inventore et vel suscipit eos consequuntur.',1,'2020-12-21 07:34:30','2020-12-21 07:34:30'),
(165,16,'Uriel Braun III','Sed distinctio nulla quam. Dolorum ipsam sapiente illum maxime repellendus. Et est doloribus illum et sed.',0,'2020-12-21 07:34:30','2020-12-21 07:34:30'),
(166,8,'Jacinthe Bogan II','Possimus minima quisquam saepe unde ea aut nulla ex. Quos dolor nostrum tenetur molestiae. Ut et ut animi blanditiis et dolor ut. Distinctio totam et enim consectetur repellendus placeat.',2,'2020-12-21 07:34:30','2020-12-21 07:34:30'),
(167,19,'Mrs. Kylee Kuhn','Maiores occaecati sed distinctio quia. Qui dignissimos modi eius quia optio.',1,'2020-12-21 07:34:30','2020-12-21 07:34:30'),
(168,1,'Mckenna Gaylord IV','Dignissimos magnam aut esse exercitationem sed similique. Nobis animi accusantium suscipit dolore dolores. Ratione sint at et delectus. Dolor incidunt harum at laboriosam deleniti delectus minus voluptatibus.',3,'2020-12-21 07:34:30','2020-12-21 07:34:30'),
(169,37,'Dr. Liza Mraz','Mollitia at accusantium id omnis non. Ab est autem minus sunt ea. Quod et ipsam iste ipsum doloremque quas.',0,'2020-12-21 07:34:31','2020-12-21 07:34:31'),
(170,1,'Dr. Sebastian Lynch Jr.','Quasi ab et ullam. Mollitia ipsa dolores earum possimus officiis et non sed. Quod quisquam culpa omnis delectus blanditiis et dolor.',1,'2020-12-21 07:34:31','2020-12-21 07:34:31'),
(171,23,'Florida Wolf','Dolores quam doloremque eveniet perferendis error. Cumque ad autem perferendis ut. Ab dolores dolorem quia quod ea voluptas dicta amet. Quae incidunt iste et accusantium sed ea nesciunt.',0,'2020-12-21 07:34:31','2020-12-21 07:34:31'),
(172,20,'Queen Ferry DDS','Et fugiat est dignissimos enim ad. Blanditiis et quas eum beatae fugiat odit. Cumque dolores officia et voluptatem exercitationem error.',1,'2020-12-21 07:34:31','2020-12-21 07:34:31'),
(173,18,'Christine Beier III','Rem facere ratione occaecati ipsam esse non. Quia facilis nulla in vel ea.',0,'2020-12-21 07:34:31','2020-12-21 07:34:31'),
(174,42,'Mr. Nathen O\'Reilly','Et molestiae vero sit est et omnis. Soluta praesentium dignissimos itaque eum facilis repellat. Animi tempora temporibus tempora voluptatem quo. Sequi illum tenetur quidem itaque deserunt et. Delectus aut et sit sint eum fugit.',2,'2020-12-21 07:34:31','2020-12-21 07:34:31'),
(175,9,'Estrella Hessel','Labore et assumenda dicta necessitatibus error a aliquam. Perferendis accusamus ullam ut quos at. Non quo quasi autem accusamus totam et.',2,'2020-12-21 07:34:31','2020-12-21 07:34:31'),
(176,37,'Boyd Flatley','Sint maiores et nulla repellendus. Ipsum accusantium dolores quasi eius itaque in non facere. Officia commodi veniam excepturi aliquid.',1,'2020-12-21 07:34:31','2020-12-21 07:34:31'),
(177,26,'Reed Koelpin','Quod asperiores odit quam voluptatem repellendus tempore aut. Quibusdam sed nihil at. Consequuntur enim nisi vel praesentium voluptas.',0,'2020-12-21 07:34:31','2020-12-21 07:34:31'),
(178,46,'Camden Jakubowski Sr.','Suscipit tenetur excepturi voluptatem soluta. Ad vel ut deleniti. Illo quaerat molestiae molestiae nobis. Aut consectetur temporibus dicta quod facere ut.',1,'2020-12-21 07:34:31','2020-12-21 07:34:31'),
(179,5,'Mr. Braeden Doyle','Non eos corporis et. Dolorem sed consequatur nostrum modi tempore. Ipsa libero reiciendis porro quia mollitia consequuntur quas velit.',2,'2020-12-21 07:34:31','2020-12-21 07:34:31'),
(180,36,'Destin Reynolds','Ut sed est autem eveniet et sunt odit. Voluptates iure libero non amet pariatur. Officia rerum nesciunt magnam libero. Sint est voluptatibus placeat omnis atque esse.',4,'2020-12-21 07:34:31','2020-12-21 07:34:31'),
(181,49,'Miss Anastasia Pouros Sr.','Quas accusantium nesciunt nemo omnis quod expedita iure. Saepe eligendi vel velit velit rem.',3,'2020-12-21 07:34:31','2020-12-21 07:34:31'),
(182,22,'Retta Breitenberg DVM','Et impedit cum quia est quo. Rem molestiae rerum ducimus consequatur ducimus accusamus. Et molestiae pariatur sed itaque. Voluptatem voluptatibus nobis omnis quisquam voluptatibus vel dolores.',3,'2020-12-21 07:34:31','2020-12-21 07:34:31'),
(183,21,'Ottis Jerde','Quia tempore sint impedit qui. Ex voluptatem tenetur architecto qui accusamus. Ut dolorem vitae consequatur quibusdam nesciunt occaecati. Non hic qui in ullam ad perspiciatis cumque.',1,'2020-12-21 07:34:31','2020-12-21 07:34:31'),
(184,28,'Miss Aiyana Rohan MD','Et distinctio quod animi et. Ea architecto aut tempore ipsa debitis autem omnis. Ut natus qui laboriosam ratione dolorem deserunt. Et quod excepturi possimus non ratione. Culpa voluptatem illo maiores fugit dicta numquam.',3,'2020-12-21 07:34:31','2020-12-21 07:34:31'),
(185,12,'Mrs. Lina Borer','Et dolorem error occaecati praesentium excepturi. Consequatur et quis a ut accusantium et possimus. Consectetur voluptate dicta at consequatur facilis suscipit consequatur. Officiis pariatur dolorem cumque harum ratione autem.',3,'2020-12-21 07:34:31','2020-12-21 07:34:31'),
(186,42,'Janessa Kerluke','Fugiat autem explicabo quod repudiandae sint. Voluptas sunt voluptatem beatae voluptatum nesciunt perspiciatis quam. Rerum nihil aut quia iste.',1,'2020-12-21 07:34:31','2020-12-21 07:34:31'),
(187,38,'Mr. Ewald Jacobi','Rerum quis eligendi nulla pariatur aut. Possimus voluptas corporis quia numquam sit. Quae rem quibusdam reiciendis numquam. Qui reiciendis quis adipisci.',3,'2020-12-21 07:34:31','2020-12-21 07:34:31'),
(188,28,'Dr. Jessy Dicki','Similique velit consequatur eligendi nihil. Architecto voluptas sunt hic nostrum consequuntur facilis vitae. Consequatur harum tenetur sunt cupiditate nisi dolore porro. Eaque aut repellat quo illo.',1,'2020-12-21 07:34:31','2020-12-21 07:34:31'),
(189,42,'Julianne Jones','Dolore et ipsum aut nisi fugiat consequatur. Aut modi autem adipisci nihil voluptatem aut eos dicta. Optio cumque adipisci iure iusto deserunt. Doloribus et sunt mollitia ullam consequatur nulla.',2,'2020-12-21 07:34:31','2020-12-21 07:34:31'),
(190,15,'Bryon Gottlieb','Tempore adipisci soluta id exercitationem incidunt nulla. Distinctio reiciendis vel eos officia sint est. Magnam ut quia eos distinctio accusamus. Quia ipsum illo fuga aut rerum sit sequi.',5,'2020-12-21 07:34:31','2020-12-21 07:34:31'),
(191,6,'Dr. Rudy Satterfield II','Nostrum blanditiis est sequi. Eius odio quo sit velit impedit voluptatem facere. Dolores et nesciunt in labore hic blanditiis quis quas. Qui voluptatem natus totam non.',1,'2020-12-21 07:34:31','2020-12-21 07:34:31'),
(192,4,'Walton Kuhic','Eos et et architecto vel velit. Expedita quos voluptatem doloribus sunt id illo eaque. Alias voluptate minima corrupti.',3,'2020-12-21 07:34:31','2020-12-21 07:34:31'),
(193,4,'Dereck Gleichner','Debitis aut quos aut nam nobis dolor vel. Autem autem libero non exercitationem. Officia quisquam neque molestiae aut voluptatum voluptas.',0,'2020-12-21 07:34:31','2020-12-21 07:34:31'),
(194,1,'John Wehner','Sunt qui exercitationem maxime dolores eum. Illum natus officia dolorum repellendus vero tempore. Officia earum rem sit ut ipsum.',4,'2020-12-21 07:34:31','2020-12-21 07:34:31'),
(195,45,'Lizzie Emmerich','Dolorem nobis et vero quaerat ea tenetur. Quia voluptatem optio quibusdam deserunt impedit dolores consequuntur. Rerum est aliquam voluptatem omnis.',1,'2020-12-21 07:34:31','2020-12-21 07:34:31'),
(196,15,'Johanna Hand','Officiis perferendis voluptatem velit. Voluptates consequatur eum quibusdam omnis. Esse quisquam culpa voluptatem id eum et beatae.',3,'2020-12-21 07:34:31','2020-12-21 07:34:31'),
(197,28,'Dannie Gerlach','Repellendus quasi ullam repellat voluptatibus assumenda. Ipsam aspernatur sunt voluptates aut excepturi vitae. Repudiandae natus et saepe qui perferendis aut impedit eum.',0,'2020-12-21 07:34:31','2020-12-21 07:34:31'),
(198,13,'Lynn Boyle','Sequi quisquam explicabo occaecati ipsam nulla blanditiis est. Saepe eius eveniet quisquam. Odit et eligendi dolores eveniet saepe.',3,'2020-12-21 07:34:31','2020-12-21 07:34:31'),
(199,20,'Laney Kris I','Rerum in eveniet repellendus voluptas. Asperiores soluta fugit veniam ipsam saepe quia et. Non non ipsa eius autem molestiae omnis.',1,'2020-12-21 07:34:31','2020-12-21 07:34:31'),
(200,32,'Miss Birdie Mohr III','Distinctio quo ullam assumenda ea et sequi. Repudiandae esse sit in minus.',2,'2020-12-21 07:34:31','2020-12-21 07:34:31'),
(201,17,'Melyna Windler','Quis quia et rerum repellat illo necessitatibus quis. Voluptatem numquam sint sunt. Nobis ut perspiciatis debitis ut nostrum illo libero. Reprehenderit illum aut asperiores odio illum rem.',3,'2020-12-21 07:34:31','2020-12-21 07:34:31'),
(202,39,'Erna Kunze','Delectus qui autem voluptates illum qui. Harum odio vero deleniti aut mollitia quasi qui. Saepe quia quasi voluptatibus minus non expedita.',1,'2020-12-21 07:34:31','2020-12-21 07:34:31'),
(203,34,'Demetris Wolf','Expedita in maxime nihil et. Consequatur voluptatum blanditiis ad iure amet adipisci aliquam accusantium. Est veritatis fugiat tempora aut exercitationem. Aliquam earum laboriosam blanditiis aspernatur.',1,'2020-12-21 07:34:31','2020-12-21 07:34:31'),
(204,18,'Neha Mosciski','Ut dolorem molestias dolor omnis esse enim distinctio natus. Saepe ut voluptatem perspiciatis id. Dolor iure deleniti modi laborum ut.',5,'2020-12-21 07:34:31','2020-12-21 07:34:31'),
(205,28,'Prof. Lou Quigley II','Officiis tempore illum harum cumque. Autem dolor aut culpa enim consequatur rem quos. Inventore perferendis id atque vel.',3,'2020-12-21 07:34:31','2020-12-21 07:34:31'),
(206,29,'Sedrick Gibson','Assumenda non commodi quis sunt illo quae alias. Nisi libero eos expedita minima corrupti recusandae iure. Cupiditate odio repellat libero quisquam nihil adipisci officia.',4,'2020-12-21 07:34:31','2020-12-21 07:34:31'),
(207,14,'Stephan Weimann','Quisquam libero est illo aut consequatur. Amet iste non eligendi eum repellat illo autem. Sit amet perferendis unde repellat dolores. Doloremque ut sint vitae qui odio.',4,'2020-12-21 07:34:32','2020-12-21 07:34:32'),
(208,29,'Gaston Kessler','Commodi ipsum alias voluptatem reiciendis. Esse veniam in sit eveniet. Accusamus et nihil et error maiores voluptatem assumenda. Provident fuga cum praesentium sint dolore.',0,'2020-12-21 07:34:32','2020-12-21 07:34:32'),
(209,23,'Miss Krystel Hegmann DVM','Et iure ipsam eos nihil voluptatem aut dolorem. Culpa doloribus quia dolores neque harum quaerat rerum.',3,'2020-12-21 07:34:32','2020-12-21 07:34:32'),
(210,13,'Kaia Kuhlman DDS','Dolorem aliquid non eveniet vero. Voluptatem et debitis excepturi aperiam error. Similique odit accusantium vitae ex placeat. Ipsum necessitatibus modi est totam nam eos earum.',1,'2020-12-21 07:34:32','2020-12-21 07:34:32'),
(211,36,'Kurtis Muller','Delectus similique quia iste ea ullam laborum eligendi. Accusantium non illum laudantium at molestiae neque.',4,'2020-12-21 07:34:32','2020-12-21 07:34:32'),
(212,22,'Carlotta Gislason','Quaerat asperiores sunt fugiat dolorum. Expedita tenetur sit quasi provident. Quas laudantium aspernatur earum alias iure voluptatibus error.',3,'2020-12-21 07:34:32','2020-12-21 07:34:32'),
(213,2,'Mr. John Renner Sr.','Corrupti sit nemo sint et. Et amet voluptas placeat nulla nesciunt tempora fugit. Voluptatum fuga voluptatem odio enim in nihil aut.',5,'2020-12-21 07:34:32','2020-12-21 07:34:32'),
(214,36,'Queen Ziemann','Corporis aliquid velit nisi est at consequatur. Quia non necessitatibus id velit. Odio enim dignissimos mollitia nesciunt.',4,'2020-12-21 07:34:32','2020-12-21 07:34:32'),
(215,40,'Ethel Stroman','Qui quod voluptate architecto explicabo accusantium dicta hic. Possimus iusto distinctio aperiam aliquam et dolorem. Sed iste repellendus provident rem quaerat occaecati aut assumenda. Quae maxime optio in fuga.',1,'2020-12-21 07:34:32','2020-12-21 07:34:32'),
(216,24,'Aleen Gibson','Quia error aliquam rerum dolore numquam molestiae voluptatem repellendus. Assumenda ad ullam commodi architecto. Ea quaerat omnis dolorem totam nulla qui et nam. Perferendis sed impedit ut atque totam sed dolores.',2,'2020-12-21 07:34:32','2020-12-21 07:34:32'),
(217,43,'Shanny O\'Reilly','Laudantium eligendi beatae harum earum pariatur autem aspernatur. Incidunt eius inventore doloremque harum quaerat. In possimus aspernatur ullam odit et. Aliquam repellendus reiciendis beatae veniam.',1,'2020-12-21 07:34:32','2020-12-21 07:34:32'),
(218,9,'Angelica Feil III','Libero illo dolor ut. Sapiente sed porro dolorem consequatur nihil eaque sapiente. Labore dolorem consectetur cupiditate praesentium quas. Accusamus ducimus non incidunt quod officiis excepturi.',1,'2020-12-21 07:34:32','2020-12-21 07:34:32'),
(219,14,'Anissa Bogisich Sr.','Sunt est et aspernatur nobis commodi veritatis qui. Id numquam consequatur adipisci reiciendis doloribus provident fuga. Error ipsum qui officiis laudantium esse dolores.',4,'2020-12-21 07:34:32','2020-12-21 07:34:32'),
(220,35,'Elwin Johnson III','Ut id eos pariatur aut quia blanditiis velit. Quia quos magnam fugit dolore dolores. Hic corporis nobis totam praesentium laudantium vel commodi.',4,'2020-12-21 07:34:32','2020-12-21 07:34:32'),
(221,30,'Twila Legros','Aut temporibus sit cumque fugiat tempore nesciunt. Excepturi rem quod delectus accusantium culpa corrupti. Quos esse asperiores qui.',5,'2020-12-21 07:34:32','2020-12-21 07:34:32'),
(222,1,'Ashlee Witting','Omnis aut itaque culpa dolores aut natus distinctio. Veritatis sed maxime omnis sit. Placeat consequatur nisi quasi et debitis. Eligendi ut impedit asperiores qui quam tenetur perferendis.',1,'2020-12-21 07:34:32','2020-12-21 07:34:32'),
(223,21,'Reva Daniel','Voluptatem et quis a ea perspiciatis quis. Vitae voluptatem vel aliquid culpa. Ut rerum ducimus impedit aut.',4,'2020-12-21 07:34:32','2020-12-21 07:34:32'),
(224,12,'Clifford Beahan','Reiciendis sit consequatur distinctio ad temporibus. Corrupti sed qui quaerat ut. Voluptas qui exercitationem vitae. Voluptatem doloribus porro natus sapiente quo autem. Dolorem nihil illum itaque aut quo.',4,'2020-12-21 07:34:32','2020-12-21 07:34:32'),
(225,13,'Bernhard Brekke DDS','Inventore id exercitationem dolorum impedit laboriosam ut. Fugiat consequatur quia ex quis. Deserunt eos animi aperiam consequatur quis. Id fugit minima tempora minima iste occaecati aspernatur.',2,'2020-12-21 07:34:32','2020-12-21 07:34:32'),
(226,14,'Cassandre Abernathy','Reiciendis hic odit delectus qui ullam voluptas. Temporibus et alias nisi nihil reiciendis. Autem dolor asperiores similique nesciunt voluptas ipsam similique.',5,'2020-12-21 07:34:32','2020-12-21 07:34:32'),
(227,2,'Dudley Metz','Assumenda ipsum dicta unde debitis corporis deserunt. Ut asperiores veniam voluptatem sunt dolor distinctio eos. Temporibus in nostrum aut quia deserunt rerum.',0,'2020-12-21 07:34:32','2020-12-21 07:34:32'),
(228,20,'Ulises Collins','Iure dolorem est sunt esse rerum omnis commodi est. Voluptatem sapiente perspiciatis fuga nam nesciunt. A et quia ut distinctio sed velit sunt.',0,'2020-12-21 07:34:32','2020-12-21 07:34:32'),
(229,33,'Prof. Harmony Wiza PhD','Aut aut ipsum sit ullam nulla suscipit. Suscipit sed quidem inventore ipsum inventore. Aut nihil ea ipsam beatae architecto vero voluptas aperiam. Omnis nihil nostrum natus dolorum autem ducimus.',4,'2020-12-21 07:34:32','2020-12-21 07:34:32'),
(230,39,'Noel Ondricka','Saepe impedit veniam facilis laudantium qui dolores iusto et. Ad ut delectus et laboriosam cupiditate. Est natus illum laborum qui.',3,'2020-12-21 07:34:32','2020-12-21 07:34:32'),
(231,4,'Mrs. Marjory Hane Jr.','Voluptatem dolores et voluptates omnis perferendis a. Ipsum repellat nobis voluptas a qui voluptatem deleniti. Non perspiciatis est aut a qui et.',5,'2020-12-21 07:34:32','2020-12-21 07:34:32'),
(232,37,'Valerie Gleason','Sequi tempore accusantium iure praesentium voluptatem voluptatem deserunt aut. Saepe reprehenderit tenetur sunt fugiat labore illum. Praesentium est earum reprehenderit deserunt deleniti sint.',5,'2020-12-21 07:34:32','2020-12-21 07:34:32'),
(233,29,'Dr. Ernesto Dare','Et vero aut nulla quis. Qui voluptatem tempora eos recusandae dignissimos corporis voluptas consequatur. Quod cum adipisci ad libero nihil qui.',1,'2020-12-21 07:34:32','2020-12-21 07:34:32'),
(234,38,'Lyric Renner','Et fugit unde est quidem est quaerat dolore. Inventore nulla quia a nesciunt rem minima et. Magni et et natus magni veritatis aut porro.',3,'2020-12-21 07:34:32','2020-12-21 07:34:32'),
(235,34,'Gennaro Frami','Error quam fugiat officiis quaerat cumque rem nostrum. Doloribus neque eos qui quisquam repellat dignissimos. Sit itaque voluptatibus vero ut. Eaque quo sunt at voluptatem dolorum quos.',0,'2020-12-21 07:34:32','2020-12-21 07:34:32'),
(236,46,'Tyrese Bailey','Eligendi aperiam odit quod iste. Beatae quod veniam cupiditate enim veniam quo. Eos quo rerum explicabo voluptatem. Esse accusantium inventore exercitationem amet.',5,'2020-12-21 07:34:32','2020-12-21 07:34:32'),
(237,15,'Grady Monahan','Ut aut aperiam cum consequuntur sunt. Corrupti voluptates voluptatem nobis alias nostrum iusto.',3,'2020-12-21 07:34:32','2020-12-21 07:34:32'),
(238,44,'Arch Bashirian MD','Reiciendis autem est perspiciatis minus officia ab. Adipisci quia expedita similique tenetur ullam ad porro. Dolorem reprehenderit aut officiis laboriosam soluta est. Nesciunt nam et et harum temporibus enim. Magnam magnam ullam voluptas mollitia ut exercitationem.',3,'2020-12-21 07:34:32','2020-12-21 07:34:32'),
(239,23,'Marvin Wisoky','Possimus quae sit sequi rerum expedita nostrum iure. Error magnam quo deserunt cum. Voluptate quibusdam a qui nostrum.',0,'2020-12-21 07:34:32','2020-12-21 07:34:32'),
(240,21,'Maritza Daniel','Unde sit ut omnis et et dolorem. Debitis ipsa dolorum est qui ut molestiae quae. Architecto et sint in non quia. Voluptates porro velit quo odio laudantium voluptatem iste est.',1,'2020-12-21 07:34:32','2020-12-21 07:34:32'),
(241,50,'Aiyana Lowe','Suscipit autem non sed. A amet quia quibusdam dolores consequatur quod qui. Reiciendis sed sunt similique et suscipit. Unde alias dolorem animi non.',1,'2020-12-21 07:34:32','2020-12-21 07:34:32'),
(242,41,'Mrs. Alia Auer','Ut possimus illum rerum pariatur consequuntur omnis. Dolores accusantium doloremque qui nobis. Repudiandae sint non culpa. Repellendus dolores assumenda velit quia illo.',4,'2020-12-21 07:34:32','2020-12-21 07:34:32'),
(243,9,'Prof. Faustino Nader','Earum doloribus quos corrupti nesciunt nobis. Dolor pariatur et omnis ipsum dignissimos. Accusamus commodi aut autem. Corrupti est eum consequuntur modi dignissimos quas nihil aut.',0,'2020-12-21 07:34:32','2020-12-21 07:34:32'),
(244,43,'Elena Kihn','Nihil vel deleniti cumque. Quis qui velit officiis quidem enim et pariatur enim. Aperiam necessitatibus a earum omnis ex ex.',5,'2020-12-21 07:34:32','2020-12-21 07:34:32'),
(245,31,'Dr. Joshuah Kiehn IV','Et adipisci cupiditate non veniam. Et sunt aut in odit ut itaque omnis. Fugiat qui in sit rem quasi.',5,'2020-12-21 07:34:32','2020-12-21 07:34:32'),
(246,13,'Prof. Johnathon Hill','Ullam atque numquam aut architecto unde. Ut tempore ipsum et dignissimos.',0,'2020-12-21 07:34:32','2020-12-21 07:34:32'),
(247,47,'Camden Ferry','Qui nisi eos praesentium omnis nihil quaerat impedit sapiente. Sint vel consequuntur perspiciatis accusamus. Sit debitis et quam molestias rem.',5,'2020-12-21 07:34:32','2020-12-21 07:34:32'),
(248,40,'Sterling Runolfsdottir Jr.','Nemo dolores eveniet porro incidunt velit. Ad illum neque sint eum. Ipsum quia nostrum necessitatibus aliquam excepturi fuga sit.',0,'2020-12-21 07:34:32','2020-12-21 07:34:32'),
(249,10,'Elroy Parisian','Sed porro ut voluptas voluptate. Incidunt ipsa quidem mollitia vel. Amet ea eos voluptates itaque vitae. Repudiandae voluptates tenetur recusandae et illum aut quaerat.',5,'2020-12-21 07:34:32','2020-12-21 07:34:32'),
(250,22,'Joaquin Dach','Et in cumque quo nihil eum perspiciatis voluptatibus et. Corporis impedit adipisci facilis. Nostrum enim enim cupiditate non ut qui. Eos sit quia fuga ipsum excepturi animi. Molestias asperiores voluptas consequatur voluptas.',5,'2020-12-21 07:34:33','2020-12-21 07:34:33'),
(251,9,'Terrence Kessler','Voluptatem repudiandae iure quaerat expedita corrupti voluptatem quo. Possimus autem voluptates quibusdam quia maxime. Qui quae labore a accusamus. Eveniet eum cupiditate in.',5,'2020-12-21 07:34:33','2020-12-21 07:34:33'),
(252,7,'Daisy Skiles','Eius et omnis totam asperiores. Facilis laborum minima libero et excepturi vel neque. Itaque sint ab in debitis quos.',0,'2020-12-21 07:34:33','2020-12-21 07:34:33'),
(253,11,'Amiya Stokes','Consectetur in asperiores ut. Voluptate aut architecto adipisci tenetur. Sunt illo sit accusamus iusto. Dolores quas maxime ipsum vel.',4,'2020-12-21 07:34:33','2020-12-21 07:34:33'),
(254,14,'Miss Dora Welch Sr.','Unde officia consequuntur repellendus labore sed eos. Consequatur veniam et eveniet blanditiis aspernatur sed. Accusamus voluptatum ipsa ut consectetur quos.',1,'2020-12-21 07:34:33','2020-12-21 07:34:33'),
(255,33,'Prof. Alan Reinger','Quas veritatis voluptas accusantium. Reprehenderit voluptatibus nostrum in expedita occaecati. Distinctio deserunt minima ut accusamus tempore. Minus unde molestiae hic ullam distinctio.',3,'2020-12-21 07:34:33','2020-12-21 07:34:33'),
(256,26,'Cristal Johnson','Similique ut voluptas distinctio voluptate rem sed necessitatibus. Explicabo mollitia quam corporis nobis quo quisquam veritatis. Placeat earum molestias libero.',3,'2020-12-21 07:34:33','2020-12-21 07:34:33'),
(257,43,'Miss Verlie Howe II','In odit ea esse fugit. Eos doloribus dolor maiores maxime. Placeat commodi ut facere quia.',0,'2020-12-21 07:34:33','2020-12-21 07:34:33'),
(258,2,'Mara Johnson','Tenetur soluta vel totam eaque sed consequatur. Possimus et doloremque ut ipsum. Ipsum quasi libero repellat consequatur voluptatem cum aut. Voluptate quia aut assumenda officiis illum dolorem.',1,'2020-12-21 07:34:33','2020-12-21 07:34:33'),
(259,32,'Sigrid Hartmann IV','Nesciunt impedit dolores aliquid. Aut sapiente omnis aperiam quaerat. Nemo ratione id qui molestiae ipsam aut voluptate. Ipsum aut nulla quas qui placeat.',2,'2020-12-21 07:34:33','2020-12-21 07:34:33'),
(260,13,'Zita Douglas','Nihil voluptate omnis sequi in enim qui. Repudiandae autem hic et laboriosam earum et ut sed. Sit est ut eligendi assumenda itaque porro.',2,'2020-12-21 07:34:33','2020-12-21 07:34:33'),
(261,49,'Lamar Romaguera','Consectetur est eius reprehenderit tenetur accusantium ipsam ut. Odio necessitatibus dolorum reprehenderit magni. Ipsum eveniet reiciendis aut ut.',5,'2020-12-21 07:34:33','2020-12-21 07:34:33'),
(262,27,'Mr. Jabari Nader','Eveniet vero maxime voluptate qui ducimus. Ad earum error molestias aliquid. Dicta quo saepe voluptatum consequatur et omnis voluptas. Et enim voluptatum omnis eum ipsa ex.',1,'2020-12-21 07:34:33','2020-12-21 07:34:33'),
(263,10,'Dr. Irma Lakin IV','At est molestiae occaecati. Sit corporis ut laborum illum.',5,'2020-12-21 07:34:33','2020-12-21 07:34:33'),
(264,6,'Reina Considine','Animi et perferendis magni est. Nisi voluptates ullam officia ipsam beatae fugiat. Ut quis assumenda odit facere voluptatibus dolorum ut.',0,'2020-12-21 07:34:33','2020-12-21 07:34:33'),
(265,37,'Derrick Moore','Libero aut dolores et. Reprehenderit rerum quam sit quia. Et minus aut praesentium accusamus ut.',4,'2020-12-21 07:34:33','2020-12-21 07:34:33'),
(266,39,'Madonna Pouros Sr.','Ad voluptatum a a fugiat dolor placeat. Ut id fugiat et et eaque.',2,'2020-12-21 07:34:33','2020-12-21 07:34:33'),
(267,19,'Mr. Kelton Donnelly IV','Non qui animi voluptate explicabo quo nihil. Minima aut qui vel. Delectus nihil et facilis omnis non atque omnis. Et quaerat ex sit inventore aspernatur facere.',2,'2020-12-21 07:34:33','2020-12-21 07:34:33'),
(268,34,'Obie Pollich I','Nemo libero sed molestiae facilis. Totam voluptatem impedit labore molestias iste reiciendis magnam ipsum. Repellat minus natus commodi nulla. Voluptatibus nam ullam quis rerum excepturi repudiandae omnis et.',1,'2020-12-21 07:34:33','2020-12-21 07:34:33'),
(269,4,'Paul Windler','Qui necessitatibus autem quia aliquam. Eligendi molestiae voluptas necessitatibus sint nesciunt iusto.',1,'2020-12-21 07:34:34','2020-12-21 07:34:34'),
(270,5,'Dr. Lawrence Dooley','Distinctio sint quam et sed. Ipsum quis assumenda dolores quaerat.',1,'2020-12-21 07:34:34','2020-12-21 07:34:34'),
(271,20,'Prof. Maximus Considine IV','Ex laboriosam soluta in sit quasi facere aliquam. Et quo et voluptatem vero harum qui. Atque autem aspernatur et aliquid nulla.',1,'2020-12-21 07:34:34','2020-12-21 07:34:34'),
(272,33,'Mrs. Delia Reichel III','Veniam voluptas inventore sed. Aut perspiciatis omnis est cumque. Velit natus suscipit sequi autem similique aspernatur.',3,'2020-12-21 07:34:34','2020-12-21 07:34:34'),
(273,44,'Gardner Ziemann','Repellat aut eos cumque facere ipsum praesentium. Enim vero adipisci dignissimos corporis et. Est perferendis sint ipsam dolorum similique voluptatem sed.',1,'2020-12-21 07:34:34','2020-12-21 07:34:34'),
(274,23,'Alice Altenwerth Jr.','Facere sapiente laboriosam natus ex error velit. Voluptas commodi enim velit voluptas veritatis expedita et. Minima dolores molestiae at omnis et. Rerum ipsam commodi quam dolore tempora tempore libero.',4,'2020-12-21 07:34:34','2020-12-21 07:34:34'),
(275,16,'Haley Howe DVM','Dolores non omnis et saepe eius et occaecati. Expedita aspernatur voluptas a accusantium vero. Et cumque et voluptate et voluptatum consequatur.',4,'2020-12-21 07:34:34','2020-12-21 07:34:34'),
(276,5,'Jarret Watsica','Explicabo eveniet non sed voluptatibus ut et. Repudiandae temporibus autem voluptate recusandae temporibus. Aut quia ipsa culpa id molestias rem et. Sit non doloremque animi velit rerum delectus occaecati maxime.',1,'2020-12-21 07:34:34','2020-12-21 07:34:34'),
(277,41,'Mr. Elvis Doyle','Occaecati fuga nulla qui distinctio nostrum quidem. Vel sunt fugit sed ut. Laboriosam rerum commodi iure autem quam temporibus repudiandae voluptatem.',2,'2020-12-21 07:34:34','2020-12-21 07:34:34'),
(278,22,'Alessia Weber II','Eum velit fugit voluptatem praesentium. Qui sit omnis hic qui incidunt tenetur. Tempora quaerat aperiam dicta qui sit nam qui.',5,'2020-12-21 07:34:34','2020-12-21 07:34:34'),
(279,35,'Mrs. Calista Hermann PhD','Sed itaque assumenda enim dolore. Dolores earum rerum eaque. Quia distinctio nihil optio quia ipsum.',2,'2020-12-21 07:34:34','2020-12-21 07:34:34'),
(280,1,'Deondre Bechtelar','Quam aliquam sed vel ut. Eius autem totam est et reprehenderit. Consequuntur fugiat dolor corporis.',1,'2020-12-21 07:34:34','2020-12-21 07:34:34'),
(281,22,'Jordon Goldner DVM','Quia molestiae laboriosam laborum possimus asperiores ratione distinctio. Cum autem asperiores voluptatibus blanditiis consequatur ipsa consequuntur quia. Doloremque temporibus magni assumenda. Ut praesentium qui quas.',4,'2020-12-21 07:34:34','2020-12-21 07:34:34'),
(282,32,'Dr. Stephanie Jacobson','Et dolorem nostrum vitae. Voluptas qui laudantium laboriosam ut. Explicabo sapiente ab excepturi. Saepe rerum enim et totam voluptas.',0,'2020-12-21 07:34:34','2020-12-21 07:34:34'),
(283,17,'Wava Waters','Aliquam sint qui perspiciatis vel. Qui id hic eius labore. Quia eius error minima earum aliquid.',0,'2020-12-21 07:34:34','2020-12-21 07:34:34'),
(284,38,'Ashleigh Monahan','Quas enim necessitatibus sunt eaque. Voluptatem porro ea voluptas consectetur quas non. Quia sunt nihil molestiae consequatur omnis. Quam similique sunt distinctio iusto quia.',4,'2020-12-21 07:34:34','2020-12-21 07:34:34'),
(285,9,'Emilia Reichert DDS','Non sed sit iusto vero. Ullam architecto error fugit officiis sed doloribus mollitia. Consequuntur magni nobis placeat consequatur consequatur.',1,'2020-12-21 07:34:34','2020-12-21 07:34:34'),
(286,42,'Jennings Tremblay','Voluptatum voluptas distinctio sunt sunt amet consectetur necessitatibus. Officiis voluptates incidunt necessitatibus quisquam voluptate et. Et nobis soluta voluptatem assumenda alias.',1,'2020-12-21 07:34:34','2020-12-21 07:34:34'),
(287,18,'Pink D\'Amore','Similique ut quia molestiae voluptatibus molestiae inventore. Sit veritatis deleniti dicta non voluptates tenetur consequatur. Labore rerum eligendi dolorem rerum non.',2,'2020-12-21 07:34:34','2020-12-21 07:34:34'),
(288,16,'Icie Strosin MD','Et maxime rerum quis. Quia quidem blanditiis molestiae quos. Eaque modi laborum eos sit. Et repudiandae amet occaecati doloribus. Unde mollitia numquam at nulla repudiandae temporibus voluptatem.',2,'2020-12-21 07:34:34','2020-12-21 07:34:34'),
(289,22,'Ms. Tamia Wehner','Doloremque ut est vitae. A officiis iste voluptate accusantium corrupti odio animi veritatis. Quae ea aut quo ex. Velit dolorem sed voluptas est soluta.',2,'2020-12-21 07:34:34','2020-12-21 07:34:34'),
(290,10,'Fredy Fahey','Illum error modi nam aut fuga quia architecto. Et voluptatum omnis vel et possimus est qui. Non non enim ducimus repudiandae qui iure dolor. Quia autem voluptatem nihil est dolor.',4,'2020-12-21 07:34:34','2020-12-21 07:34:34'),
(291,22,'Dock Price','Et et veniam iusto saepe. Cupiditate non delectus voluptas officiis nemo. Ut voluptatem distinctio aut sint.',4,'2020-12-21 07:34:34','2020-12-21 07:34:34'),
(292,21,'Pat Renner','Sed at accusantium sequi et. Odit animi maxime ut et enim ut nam. Molestias ut aut temporibus aut.',4,'2020-12-21 07:34:34','2020-12-21 07:34:34'),
(293,50,'Miss Yasmeen Conroy','Rem qui non iure quae et aperiam maxime neque. Est quia beatae unde eius quia earum nulla totam.',0,'2020-12-21 07:34:34','2020-12-21 07:34:34'),
(294,1,'Elyssa Bednar','Minus aut aut et est dignissimos. Necessitatibus nulla id corporis eveniet dolorem placeat perferendis. Et modi soluta mollitia eos ipsa sit. Quidem neque cum fuga quis debitis fuga unde qui.',2,'2020-12-21 07:34:34','2020-12-21 07:34:34'),
(295,7,'Alyson Mann','Omnis impedit perspiciatis non est repellat. Tempora iure eligendi nobis sint est quo labore. Vitae ducimus quasi modi ratione. Accusamus voluptatum id est asperiores eveniet sunt voluptatem.',1,'2020-12-21 07:34:34','2020-12-21 07:34:34'),
(296,20,'Brock Jenkins','Quo impedit esse distinctio. Est odit exercitationem ipsam quam corrupti aspernatur et. Commodi dolorum animi eligendi deleniti. Quo dolorem quaerat magni inventore.',2,'2020-12-21 07:34:34','2020-12-21 07:34:34'),
(297,19,'Alexander Schulist','Fugit quisquam officia dicta quia ullam et commodi at. Ut consequatur dolor laboriosam nisi. Minima aut est excepturi sapiente ut ut. Ab aut pariatur fugit.',4,'2020-12-21 07:34:34','2020-12-21 07:34:34'),
(298,4,'Jamal Ankunding','Dolorem aperiam eum consequatur et eum architecto. Sint aut corrupti illo voluptatem maiores maxime. Aut eos et fuga error blanditiis at id aut. Explicabo illum nulla asperiores ea eum. Nostrum harum sed eligendi itaque.',2,'2020-12-21 07:34:34','2020-12-21 07:34:34'),
(299,46,'Art Herzog','Optio eligendi voluptas maxime. Aut ut error et non natus nobis. Rerum voluptatem dolorem tenetur deleniti.',3,'2020-12-21 07:34:34','2020-12-21 07:34:34'),
(300,12,'Elva Cruickshank','Qui sunt deleniti accusamus assumenda. Itaque accusantium debitis quisquam non omnis. Quo magnam facere dolorem esse consequatur quos quis odio. Ipsa vitae ratione eum eaque rerum. Qui corporis et non.',0,'2020-12-21 07:34:34','2020-12-21 07:34:34');

/*Table structure for table `users` */

DROP TABLE IF EXISTS `users`;

CREATE TABLE `users` (
  `id` bigint(20) unsigned NOT NULL AUTO_INCREMENT,
  `name` varchar(255) COLLATE utf8mb4_unicode_ci NOT NULL,
  `email` varchar(255) COLLATE utf8mb4_unicode_ci NOT NULL,
  `email_verified_at` timestamp NULL DEFAULT NULL,
  `password` varchar(255) COLLATE utf8mb4_unicode_ci NOT NULL,
  `remember_token` varchar(100) COLLATE utf8mb4_unicode_ci DEFAULT NULL,
  `created_at` timestamp NULL DEFAULT NULL,
  `updated_at` timestamp NULL DEFAULT NULL,
  PRIMARY KEY (`id`),
  UNIQUE KEY `users_email_unique` (`email`)
) ENGINE=InnoDB DEFAULT CHARSET=utf8mb4 COLLATE=utf8mb4_unicode_ci;

/*Data for the table `users` */

/*!40101 SET SQL_MODE=@OLD_SQL_MODE */;
/*!40014 SET FOREIGN_KEY_CHECKS=@OLD_FOREIGN_KEY_CHECKS */;
/*!40014 SET UNIQUE_CHECKS=@OLD_UNIQUE_CHECKS */;
/*!40111 SET SQL_NOTES=@OLD_SQL_NOTES */;
